"","year","gas","mean","med","min","max","q01","q05","q95","q99","labels","group","version","scenario"
"1",2020,"co2",0,0,0,0,0,0,0,0,"","FaIR 1.6.2","FaIR 1.6.2","ssp245"
"2",2021,"co2",0,0,0,0,0,0,0,0,"","FaIR 1.6.2","FaIR 1.6.2","ssp245"
"3",2022,"co2",0,0,0,0,0,0,0,0,"","FaIR 1.6.2","FaIR 1.6.2","ssp245"
"4",2023,"co2",0,0,0,0,0,0,0,0,"","FaIR 1.6.2","FaIR 1.6.2","ssp245"
"5",2024,"co2",0,0,0,0,0,0,0,0,"","FaIR 1.6.2","FaIR 1.6.2","ssp245"
"6",2025,"co2",0,0,0,0,0,0,0,0,"","FaIR 1.6.2","FaIR 1.6.2","ssp245"
"7",2026,"co2",0,0,0,0,0,0,0,0,"","FaIR 1.6.2","FaIR 1.6.2","ssp245"
"8",2027,"co2",0,0,0,0,0,0,0,0,"","FaIR 1.6.2","FaIR 1.6.2","ssp245"
"9",2028,"co2",0,0,0,0,0,0,0,0,"","FaIR 1.6.2","FaIR 1.6.2","ssp245"
"10",2029,"co2",0,0,0,0,0,0,0,0,"","FaIR 1.6.2","FaIR 1.6.2","ssp245"
"11",2030,"co2",0,0,0,0,0,0,0,0,"","FaIR 1.6.2","FaIR 1.6.2","ssp245"
"12",2031,"co2",0.000166391603512199,0.000162574235584412,9.99256551668104e-05,0.000303458185151317,0.000119443866533064,0.000130990008605503,0.000213621884913806,0.000242777329575894,"","FaIR 1.6.2","FaIR 1.6.2","ssp245"
"13",2032,"co2",0.000591419284008052,0.000581838081641139,0.000369806539484818,0.000963343166815456,0.000434764258398834,0.000474508252965578,0.000737930165626066,0.000826487980988055,"","FaIR 1.6.2","FaIR 1.6.2","ssp245"
"14",2033,"co2",0.00101914865704178,0.00100934095788829,0.000668618509943153,0.00158301948776218,0.000771293929477279,0.000829161906044984,0.00123569816539204,0.00136792701532155,"","FaIR 1.6.2","FaIR 1.6.2","ssp245"
"15",2034,"co2",0.00129821592374044,0.00128590238478998,0.000865916345632156,0.00201140813757639,0.000987747982481135,0.00106628152487293,0.00156124619874154,0.00169766206596345,"","FaIR 1.6.2","FaIR 1.6.2","ssp245"
"16",2035,"co2",0.00147938445187908,0.00147169944121495,0.000984180693752279,0.00228088205951438,0.00110749890263406,0.00120964105810284,0.00177767628244174,0.0019152019192672,"","FaIR 1.6.2","FaIR 1.6.2","ssp245"
"17",2036,"co2",0.00159582604022721,0.00158742434454973,0.000976909182033303,0.002444532309958,0.00117528483080553,0.00128686333247252,0.00194825399825496,0.00209545340353712,"","FaIR 1.6.2","FaIR 1.6.2","ssp245"
"18",2037,"co2",0.00166915873209808,0.00165546780220605,0.00095441396537721,0.00253835223722287,0.00118564288001699,0.0013195073786938,0.00206369721145339,0.00220866888391528,"","FaIR 1.6.2","FaIR 1.6.2","ssp245"
"19",2038,"co2",0.00171360898683946,0.00170164419622587,0.000927092352220438,0.00258664929277197,0.00117761299356551,0.00132814817012883,0.00213845779885924,0.00229793649325227,"","FaIR 1.6.2","FaIR 1.6.2","ssp245"
"20",2039,"co2",0.00173862591575506,0.00172710330435333,0.000903470725822419,0.00266702715023692,0.00116537077410639,0.00132663041980763,0.00220166454438786,0.00237717609742916,"","FaIR 1.6.2","FaIR 1.6.2","ssp245"
"21",2040,"co2",0.00175054016570115,0.00173726661100415,0.000883359530667871,0.00275101233828279,0.00115459666248663,0.00131241496045199,0.00224630715380147,0.0024378677905964,"","FaIR 1.6.2","FaIR 1.6.2","ssp245"
"22",2041,"co2",0.00175362716980008,0.00173947865130053,0.00086612242041717,0.00282730179342883,0.00113464677672304,0.00129618465320958,0.00227673337131176,0.00249729848059,"","FaIR 1.6.2","FaIR 1.6.2","ssp245"
"23",2042,"co2",0.00175079870010135,0.00173598362929672,0.000851130437137915,0.00288640582789279,0.00111605490312838,0.00127916407848772,0.00229466985954696,0.00254138779970559,"","FaIR 1.6.2","FaIR 1.6.2","ssp245"
"24",2043,"co2",0.00174405408640584,0.00172614062812948,0.000837883829134078,0.00293165216710856,0.00110339625242517,0.00126189732181109,0.0023083099396799,0.00255758252372473,"","FaIR 1.6.2","FaIR 1.6.2","ssp245"
"25",2044,"co2",0.00173477115506999,0.00171505828840535,0.000826011665397086,0.00296570013460196,0.0010908246081256,0.00124990553509835,0.00230707454104584,0.00256800451271877,"","FaIR 1.6.2","FaIR 1.6.2","ssp245"
"26",2045,"co2",0.00172390090904497,0.00170046236629195,0.000815245207077542,0.00299068529482716,0.00107451829532623,0.00123684703533078,0.00230343797997223,0.00257395062999732,"","FaIR 1.6.2","FaIR 1.6.2","ssp245"
"27",2046,"co2",0.00171210164032893,0.00168681327546127,0.000805392111002501,0.00300833215752316,0.00106388888588792,0.00122445691382262,0.00230318666767904,0.00258438869139832,"","FaIR 1.6.2","FaIR 1.6.2","ssp245"
"28",2047,"co2",0.00169982945440149,0.00167253671088585,0.000796313722616127,0.00302003985260946,0.00104980647156226,0.00121137969228879,0.00229298255628945,0.00258891119626004,"","FaIR 1.6.2","FaIR 1.6.2","ssp245"
"29",2048,"co2",0.00168739975728772,0.00165825962030297,0.000787907807987764,0.00304260140683299,0.0010366029173248,0.0011990378552551,0.00228390406193313,0.00258789337995324,"","FaIR 1.6.2","FaIR 1.6.2","ssp245"
"30",2049,"co2",0.00167502931593233,0.0016442513824364,0.000780096436915123,0.00306094501483933,0.00102470892662199,0.00118741644533199,0.00227124034804405,0.00258356003386773,"","FaIR 1.6.2","FaIR 1.6.2","ssp245"
"31",2050,"co2",0.00166286529081538,0.0016326288030466,0.00077281790897521,0.00307495316520123,0.00101564332799753,0.00117638484898792,0.00226073336812638,0.00257674906904537,"","FaIR 1.6.2","FaIR 1.6.2","ssp245"
"32",2051,"co2",0.00165100546419944,0.00162014507466202,0.000766021604308165,0.00308529220277221,0.00100720133109089,0.00116624939274002,0.00225267051325151,0.00256721866688192,"","FaIR 1.6.2","FaIR 1.6.2","ssp245"
"33",2052,"co2",0.00163951707900885,0.00160805156690458,0.000759670143533953,0.00309253684325217,0.00099932401281988,0.00115661132902156,0.00224300443653913,0.00255999437276966,"","FaIR 1.6.2","FaIR 1.6.2","ssp245"
"34",2053,"co2",0.00162844880720452,0.00159389711943803,0.000753737340491334,0.00309718681892379,0.000990618656526943,0.00114755771558417,0.00223501212455934,0.00255005176962664,"","FaIR 1.6.2","FaIR 1.6.2","ssp245"
"35",2054,"co2",0.00161783017005261,0.00158092139843946,0.000748197233695791,0.0030996720191836,0.000982883635255449,0.00114051275441329,0.00222383083668865,0.00254230421861035,"","FaIR 1.6.2","FaIR 1.6.2","ssp245"
"36",2055,"co2",0.00160767312777362,0.00156977820133219,0.000743021961845614,0.00310035850554513,0.000977929333666694,0.00113804141687787,0.00221549467338766,0.00253489376451288,"","FaIR 1.6.2","FaIR 1.6.2","ssp245"
"37",2056,"co2",0.00159797816194809,0.00156081373212369,0.000738185325048768,0.00309955848427945,0.000973340580077364,0.00113301882684192,0.0022051383093693,0.00252678709380705,"","FaIR 1.6.2","FaIR 1.6.2","ssp245"
"38",2057,"co2",0.00158873834038122,0.00155145796956857,0.000733663653274874,0.00309753846853544,0.000969089421038127,0.00112368181334066,0.00219551379622285,0.00251816310246422,"","FaIR 1.6.2","FaIR 1.6.2","ssp245"
"39",2058,"co2",0.00157994209865857,0.00154354373428545,0.000729435654618804,0.00309452609199834,0.000965151234473938,0.0011194472118552,0.00218046224126966,0.00250916822515279,"","FaIR 1.6.2","FaIR 1.6.2","ssp245"
"40",2059,"co2",0.00157157512852276,0.00153506315007457,0.000725481963223196,0.00309071587169418,0.000959022404090737,0.00111616737567988,0.00216762077718841,0.00249992222797779,"","FaIR 1.6.2","FaIR 1.6.2","ssp245"
"41",2060,"co2",0.00156362153895543,0.00152657661637301,0.000721784738820563,0.00308627399508632,0.000952853886688754,0.00110619286163316,0.00215527961667576,0.00249052292396312,"","FaIR 1.6.2","FaIR 1.6.2","ssp245"
"42",2061,"co2",0.00155606458113257,0.00151894285813725,0.000718327453648637,0.00308134231853252,0.000947275294902004,0.00110475736830238,0.00214423280325615,0.00248819217271468,"","FaIR 1.6.2","FaIR 1.6.2","ssp245"
"43",2062,"co2",0.00154888998201574,0.00151094202636237,0.000715097875081394,0.00307604440753417,0.000942729645988636,0.0010979916272256,0.00213179027459454,0.00247924799540611,"","FaIR 1.6.2","FaIR 1.6.2","ssp245"
"44",2063,"co2",0.00154208742925516,0.00150347726350164,0.000712087821752583,0.00307048999448423,0.000936600797566856,0.00109237903320492,0.00212391344320872,0.00246554924380815,"","FaIR 1.6.2","FaIR 1.6.2","ssp245"
"45",2064,"co2",0.00153564593361681,0.00149636121223784,0.000709287304106354,0.00306477327451304,0.000931168569473728,0.00108791932394281,0.00212017229792494,0.0024529399244539,"","FaIR 1.6.2","FaIR 1.6.2","ssp245"
"46",2065,"co2",0.00152955161986791,0.00148961279697213,0.000706683828668453,0.00305897237282027,0.000926424995621566,0.00108424668117957,0.00211308085089135,0.00244459392572118,"","FaIR 1.6.2","FaIR 1.6.2","ssp245"
"47",2066,"co2",0.00152378920750178,0.00148587649282739,0.000704264972350988,0.00305315198256384,0.000921924958167564,0.0010774951456749,0.00210409441452741,0.00243538821993416,"","FaIR 1.6.2","FaIR 1.6.2","ssp245"
"48",2067,"co2",0.00151834292844463,0.00147861306980701,0.000702019190825798,0.00304736550326812,0.000917654659758016,0.00107494943061037,0.00209826836192262,0.00242796768631726,"","FaIR 1.6.2","FaIR 1.6.2","ssp245"
"49",2068,"co2",0.00151319707547314,0.00147237818266488,0.000699935957376052,0.00304165679794899,0.000913601033103228,0.00107096697075004,0.00209280227795361,0.00242077036250166,"","FaIR 1.6.2","FaIR 1.6.2","ssp245"
"50",2069,"co2",0.00150833642956041,0.00146634015897185,0.000698005730910722,0.00303606172069593,0.000910815951008059,0.00106749804578632,0.0020864592121316,0.00241380442178052,"","FaIR 1.6.2","FaIR 1.6.2","ssp245"
"51",2070,"co2",0.00150374662647772,0.00146266727898192,0.000696219850426338,0.00303060949154199,0.000909284524849285,0.00106448398564796,0.00208202272710833,0.00240374565838515,"","FaIR 1.6.2","FaIR 1.6.2","ssp245"
"52",2071,"co2",0.00149941435583415,0.00145789011536168,0.000694570364866642,0.00302532389234544,0.000907912060320593,0.00106214030667308,0.00207795259565113,0.0023938318955252,"","FaIR 1.6.2","FaIR 1.6.2","ssp245"
"53",2072,"co2",0.00149533254456847,0.00145242356244379,0.000693055562320577,0.00302022913627198,0.000906668525831664,0.00105853543576075,0.00207417534522181,0.00238507259028108,"","FaIR 1.6.2","FaIR 1.6.2","ssp245"
"54",2073,"co2",0.00149150246167848,0.00145065725984095,0.000691679674278411,0.00301535368261607,0.000905598990135437,0.00105589306058773,0.00207030536975594,0.00237764146856295,"","FaIR 1.6.2","FaIR 1.6.2","ssp245"
"55",2074,"co2",0.00148792471659551,0.00144636098860418,0.000690442175951489,0.0030107231906884,0.000904699389928083,0.001053707526806,0.00206489445503262,0.0023704770204622,"","FaIR 1.6.2","FaIR 1.6.2","ssp245"
"56",2075,"co2",0.00148459469560567,0.00144267555630639,0.000689336491813908,0.00300635593751064,0.000903956869126261,0.0010490426887837,0.00206034185039572,0.00236358740232063,"","FaIR 1.6.2","FaIR 1.6.2","ssp245"
"57",2076,"co2",0.0014815048911016,0.00144124977225912,0.000688354805878255,0.00300226454403685,0.00090251437471184,0.00104687921852253,0.00205379350632517,0.00235697674542791,"","FaIR 1.6.2","FaIR 1.6.2","ssp245"
"58",2077,"co2",0.00147864635811981,0.00143907735084525,0.000687489705728517,0.00299845728898163,0.000898292926100936,0.00104426802771185,0.00204934804820756,0.00235211206595729,"","FaIR 1.6.2","FaIR 1.6.2","ssp245"
"59",2078,"co2",0.00147600957363259,0.00143954461712426,0.00068673456473789,0.00299493910329929,0.000894293838264215,0.00104073954224715,0.00204740790601576,0.0023552101757199,"","FaIR 1.6.2","FaIR 1.6.2","ssp245"
"60",2079,"co2",0.00147358492256537,0.00143748959516166,0.000686083505197388,0.00299171230295858,0.000892579467477228,0.0010374134107729,0.00204570460406739,0.00235701092732077,"","FaIR 1.6.2","FaIR 1.6.2","ssp245"
"61",2080,"co2",0.00147136298159468,0.00143442378106995,0.000685395312833847,0.00298877716191637,0.000891857289579523,0.00103505353717281,0.0020459311934764,0.00234880021538109,"","FaIR 1.6.2","FaIR 1.6.2","ssp245"
"62",2081,"co2",0.00146933473825978,0.00143106289064354,0.000684180693662162,0.00298613238464362,0.000891249301319785,0.00103296008985996,0.00204729450130703,0.00234092269171304,"","FaIR 1.6.2","FaIR 1.6.2","ssp245"
"63",2082,"co2",0.0014674948202677,0.00143033806844484,0.000683081944541364,0.00298702952572327,0.000890752927424021,0.00103048615292733,0.00204680850103633,0.00233337296783587,"","FaIR 1.6.2","FaIR 1.6.2","ssp245"
"64",2083,"co2",0.00146584303747718,0.00142870498869785,0.000682102279473185,0.0029968405012033,0.000890369566476146,0.00102896379570905,0.00204163291417903,0.00233217106868455,"","FaIR 1.6.2","FaIR 1.6.2","ssp245"
"65",2084,"co2",0.00146437934676561,0.001425418670709,0.000681241702312541,0.00300683056466511,0.000890100069641964,0.00102757401720565,0.00203730117257497,0.00233963303289375,"","FaIR 1.6.2","FaIR 1.6.2","ssp245"
"66",2085,"co2",0.00146310109696796,0.00142425479863784,0.000680496216429294,0.00301700225272228,0.000889942699917601,0.00102575310793562,0.00203675094259872,0.00233785899276517,"","FaIR 1.6.2","FaIR 1.6.2","ssp245"
"67",2086,"co2",0.00146200415975315,0.00142317921293955,0.000679860900034912,0.0030273567591701,0.000889894400832869,0.00102473453862428,0.00203505069112582,0.00233535735555801,"","FaIR 1.6.2","FaIR 1.6.2","ssp245"
"68",2087,"co2",0.00146108362840291,0.00142338936216202,0.000679330945844603,0.00303789433694313,0.000889943236529032,0.0010244752117281,0.00203262834281916,0.0023331093618042,"","FaIR 1.6.2","FaIR 1.6.2","ssp245"
"69",2088,"co2",0.00146033421646676,0.0014222490043605,0.000678901926622899,0.00304861437636728,0.000889947262772624,0.00102299257372662,0.00203171832946323,0.00233111152810617,"","FaIR 1.6.2","FaIR 1.6.2","ssp245"
"70",2089,"co2",0.00145975047186032,0.00142238451934551,0.000678569833553633,0.00305951520874803,0.000888103597035459,0.00102233313883016,0.00203245737855795,0.00232935965930281,"","FaIR 1.6.2","FaIR 1.6.2","ssp245"
"71",2090,"co2",0.00145932694110918,0.00142136384345326,0.000678331090748774,0.00307059404215249,0.000886816260492695,0.00102321114927895,0.00203341868771867,0.00232784891862226,"","FaIR 1.6.2","FaIR 1.6.2","ssp245"
"72",2091,"co2",0.00145905829544661,0.00142091125805344,0.000678182518425663,0.00308184702472492,0.000886901924722627,0.00102305878094588,0.00203269720006949,0.00232657393768987,"","FaIR 1.6.2","FaIR 1.6.2","ssp245"
"73",2092,"co2",0.0014589340458578,0.0014207633784995,0.000678114442296929,0.00309326208570049,0.000887063220893713,0.00102356928761882,0.00203217285764579,0.00232552385130758,"","FaIR 1.6.2","FaIR 1.6.2","ssp245"
"74",2093,"co2",0.00145893601149297,0.00142230503602692,0.000678110927967213,0.00310481467442614,0.000887283784195114,0.00102372463780398,0.00203182620115827,0.00232467908874412,"","FaIR 1.6.2","FaIR 1.6.2","ssp245"
"75",2094,"co2",0.00145904722962797,0.00142248356403574,0.000678162137637717,0.00311647936123283,0.000887551797369435,0.00102226452904608,0.00203163686595387,0.00232401923300918,"","FaIR 1.6.2","FaIR 1.6.2","ssp245"
"76",2095,"co2",0.00145925682057859,0.00142186856190607,0.000678265588754945,0.0031282380751394,0.000887863385760079,0.00102091001332649,0.00203199318106329,0.00232352868294194,"","FaIR 1.6.2","FaIR 1.6.2","ssp245"
"77",2096,"co2",0.00145955784557951,0.00142280720519983,0.00067842068705537,0.00314007894385426,0.000888218103073601,0.00101987632483591,0.00203559299659073,0.00232319580812979,"","FaIR 1.6.2","FaIR 1.6.2","ssp245"
"78",2097,"co2",0.0014599457883913,0.00142329870650459,0.000678626900882051,0.00315199471063998,0.000888616487677796,0.0010206875775467,0.00203772202543417,0.00232301200712026,"","FaIR 1.6.2","FaIR 1.6.2","ssp245"
"79",2098,"co2",0.00146041753845866,0.00142378628319983,0.00067888337907962,0.00316398115888461,0.000889055985293976,0.00102155218313893,0.00203893070607331,0.00232297082534938,"","FaIR 1.6.2","FaIR 1.6.2","ssp245"
"80",2099,"co2",0.00146097076321374,0.00142368333960485,0.000679189015249104,0.00317603588574755,0.00088953419124415,0.00102154251354447,0.00203815333824231,0.00232306726200182,"","FaIR 1.6.2","FaIR 1.6.2","ssp245"
"81",2100,"co2",0.0014616035413693,0.00142339175064898,0.000679542602060268,0.00318815743437728,0.000890056102419139,0.00102185576623803,0.00204470122539302,0.00232329726370351,"","FaIR 1.6.2","FaIR 1.6.2","ssp245"
"82",2101,"co2",0.00146231413741575,0.00142400381130869,0.000679942915599474,0.00320034465648966,0.000890620843328966,0.00102271623142469,0.00204917646060254,0.00232365733852502,"","FaIR 1.6.2","FaIR 1.6.2","ssp245"
"83",2102,"co2",0.00146309174729972,0.0014244138909798,0.000680377241262242,0.00321258404413793,0.00089121680365656,0.00102240443540842,0.0020506329058958,0.00232413558809119,"","FaIR 1.6.2","FaIR 1.6.2","ssp245"
"84",2103,"co2",0.00146391192100439,0.0014246929752546,0.000680821854262437,0.00322484179731308,0.00089183104256521,0.00102226780859342,0.00205523100699878,0.00232596411299275,"","FaIR 1.6.2","FaIR 1.6.2","ssp245"
"85",2104,"co2",0.00146475145872906,0.00142512527549954,0.000681262978337704,0.00323708202401196,0.000892442579279384,0.00102169351953565,0.00205982580143749,0.00232592725420666,"","FaIR 1.6.2","FaIR 1.6.2","ssp245"
"86",2105,"co2",0.00146559666058572,0.00142518644800238,0.000681699064446262,0.00324927899379812,0.000893038471047642,0.00102183880232509,0.0020644019908187,0.00232771644628249,"","FaIR 1.6.2","FaIR 1.6.2","ssp245"
"87",2106,"co2",0.00146643988890695,0.00142555338176265,0.000682131764708327,0.00326141468868624,0.000893615124634151,0.00102218793178066,0.0020672964153361,0.00233232791205751,"","FaIR 1.6.2","FaIR 1.6.2","ssp245"
"88",2107,"co2",0.00146727729143405,0.00142620864762155,0.000682562957574184,0.0032734770568954,0.000894171858195847,0.001022528006839,0.00206689152661088,0.00233761058237025,"","FaIR 1.6.2","FaIR 1.6.2","ssp245"
"89",2108,"co2",0.00146810729614893,0.0014269224667629,0.000682993994149728,0.00328545851425943,0.000894719105923425,0.00102325211292342,0.00206607884166636,0.00234144630279392,"","FaIR 1.6.2","FaIR 1.6.2","ssp245"
"90",2109,"co2",0.0014689296279985,0.0014272550468859,0.000683425671346605,0.00329735468802905,0.000895259266173287,0.00102411715563377,0.00206864025738325,0.00234593507754204,"","FaIR 1.6.2","FaIR 1.6.2","ssp245"
"91",2110,"co2",0.00146974469003638,0.00142702121959548,0.000683858398278447,0.00330916344679899,0.000895794061382293,0.00102428327442849,0.00207351240284736,0.00235035067378352,"","FaIR 1.6.2","FaIR 1.6.2","ssp245"
"92",2111,"co2",0.0014705531814778,0.00142751607225211,0.000684292361243566,0.00332088415789489,0.00089632456660671,0.00102463463730373,0.00207653562924215,0.00235471744074417,"","FaIR 1.6.2","FaIR 1.6.2","ssp245"
"93",2112,"co2",0.00147135586080836,0.00142803992438889,0.000684727645780647,0.00333251708391646,0.00089685130670869,0.00102485090624471,0.00207902053414699,0.00235903717930364,"","FaIR 1.6.2","FaIR 1.6.2","ssp245"
"94",2113,"co2",0.00147215343789164,0.00142872088284784,0.000685164326477805,0.00334406303158552,0.000897374448075583,0.0010249004886042,0.00208131545714396,0.00236331202029549,"","FaIR 1.6.2","FaIR 1.6.2","ssp245"
"95",2114,"co2",0.0014729465874195,0.00142899173270017,0.0006856025154649,0.00335552338032663,0.000897894066876237,0.00102551223329486,0.00208272111828922,0.00236754438675399,"","FaIR 1.6.2","FaIR 1.6.2","ssp245"
"96",2115,"co2",0.00147373598419878,0.00142879223815617,0.000686042324137937,0.00336690023497166,0.000898410280063322,0.00102656237900933,0.00208616767497549,0.00237173704345541,"","FaIR 1.6.2","FaIR 1.6.2","ssp245"
"97",2116,"co2",0.00147452228393858,0.00142917028079337,0.000686483800664162,0.00337819638603598,0.000898923182752753,0.00102756539184279,0.00208910308588228,0.00237589303654322,"","FaIR 1.6.2","FaIR 1.6.2","ssp245"
"98",2117,"co2",0.00147530606855299,0.00143011668971038,0.000686926923229025,0.00338941508424906,0.000899432738695749,0.00102812730211399,0.00209105938111387,0.00238001552878299,"","FaIR 1.6.2","FaIR 1.6.2","ssp245"
"99",2118,"co2",0.00147608780397424,0.00143045054598456,0.000687371639586987,0.00340055979161669,0.000899938748522011,0.00102902830578433,0.0020915769398,0.0023841076324285,"","FaIR 1.6.2","FaIR 1.6.2","ssp245"
"100",2119,"co2",0.00147686782164334,0.00143077788365797,0.000687817903854304,0.00341163397262356,0.000900440879145981,0.00102991903931082,0.00209410095675899,0.00238817228048612,"","FaIR 1.6.2","FaIR 1.6.2","ssp245"
"101",2120,"co2",0.00147764630993667,0.00143109859381241,0.000688265705957036,0.00342264090574051,0.000900938701505316,0.00103080001993572,0.00209662349230832,0.00239221211855948,"","FaIR 1.6.2","FaIR 1.6.2","ssp245"
"102",2121,"co2",0.00147842331252679,0.00143141262846802,0.000688715079240954,0.00343358351376821,0.000901431727460711,0.00103166812564417,0.0020987556719585,0.00239622941232501,"","FaIR 1.6.2","FaIR 1.6.2","ssp245"
"103",2122,"co2",0.00147919872982922,0.00143166546226325,0.00068916610720704,0.00344446420446243,0.000901919439683097,0.00103275417824265,0.00210089137069058,0.00240022596619091,"","FaIR 1.6.2","FaIR 1.6.2","ssp245"
"104",2123,"co2",0.00147997234240932,0.00143202077558557,0.000689618937728342,0.00345528479753909,0.000902401357265603,0.00103338962170252,0.00210049775290999,0.00240420309974287,"","FaIR 1.6.2","FaIR 1.6.2","ssp245"
"105",2124,"co2",0.00148074390162188,0.00143231512153852,0.000690073803777835,0.00346604672373196,0.000902877204097541,0.00103368853295382,0.00210056600044828,0.00240816180826235,"","FaIR 1.6.2","FaIR 1.6.2","ssp245"
"106",2125,"co2",0.00148151324190954,0.00143443744426408,0.000690530984452487,0.00347675142303139,0.000903273788540382,0.00103293752541589,0.00210384743180181,0.00241210304415266,"","FaIR 1.6.2","FaIR 1.6.2","ssp245"
"107",2126,"co2",0.00148228030798322,0.0014360396304105,0.000690990706580186,0.00348740055757535,0.000902289152544977,0.00103288844085814,0.00210442620366824,0.00241419729896286,"","FaIR 1.6.2","FaIR 1.6.2","ssp245"
"108",2127,"co2",0.00148304512535845,0.00143647162062921,0.000691453105666096,0.00349799603443746,0.000901309871126577,0.00103350137966585,0.0021059947092767,0.00241854531309649,"","FaIR 1.6.2","FaIR 1.6.2","ssp245"
"109",2128,"co2",0.00148380775873336,0.00143750714017443,0.000691918233139965,0.00350853994278832,0.000900336243303546,0.0010332624460081,0.00210774073650359,0.00242290568987347,"","FaIR 1.6.2","FaIR 1.6.2","ssp245"
"110",2129,"co2",0.00148456824747674,0.00143813383357916,0.000692386071696083,0.00351903436131273,0.00089936850073391,0.00103281766528962,0.00210942188504974,0.00242723696848479,"","FaIR 1.6.2","FaIR 1.6.2","ssp245"
"111",2130,"co2",0.0014853265602409,0.00143836450673218,0.000692856584703305,0.00352948115310525,0.000898406800735163,0.00103237871355599,0.00211117312813691,0.00243153928231887,"","FaIR 1.6.2","FaIR 1.6.2","ssp245"
"112",2131,"co2",0.00148608257747969,0.00143784400342595,0.000693329753439498,0.00353988181435394,0.00089745124470042,0.00103194578504695,0.00211518049931358,0.00243581266770221,"","FaIR 1.6.2","FaIR 1.6.2","ssp245"
"113",2132,"co2",0.00148683606816068,0.00143714093374081,0.000693805580484597,0.0035502372884606,0.00089650189366175,0.00103179165471667,0.0021201524533474,0.0024400570266554,"","FaIR 1.6.2","FaIR 1.6.2","ssp245"
"114",2133,"co2",0.00148758671123321,0.00143655306935386,0.000694284131030232,0.00356054790773808,0.000895558808966967,0.00103171660183645,0.0021230001123449,0.0024442721470912,"","FaIR 1.6.2","FaIR 1.6.2","ssp245"
"115",2134,"co2",0.00148833420810506,0.00143739971598666,0.00069476558049808,0.00357081369091894,0.000894622129572253,0.00103167342526829,0.00212509587228105,0.00244845784971037,"","FaIR 1.6.2","FaIR 1.6.2","ssp245"
"116",2135,"co2",0.00148907838822808,0.00143694076657042,0.00069525016216021,0.00358103475242899,0.000893692105694122,0.00103187446930131,0.00212707766057552,0.00245261413552278,"","FaIR 1.6.2","FaIR 1.6.2","ssp245"
"117",2136,"co2",0.0014898192373722,0.00143741144656317,0.000695738069721674,0.00359121155595954,0.000892769063746801,0.00103207427188972,0.00212911888184752,0.00245674123896222,"","FaIR 1.6.2","FaIR 1.6.2","ssp245"
"118",2137,"co2",0.00149055687355026,0.0014372870213446,0.000696229407058713,0.00360134500586895,0.000891853346016935,0.00103228884223819,0.00213116131970503,0.0024598823815376,"","FaIR 1.6.2","FaIR 1.6.2","ssp245"
"119",2138,"co2",0.00149129147364642,0.00143829619417479,0.00069672415925548,0.00361143633009231,0.000890945240457519,0.00103208184016493,0.00213320494483904,0.00245991868466128,"","FaIR 1.6.2","FaIR 1.6.2","ssp245"
"120",2139,"co2",0.00149202317915781,0.00143797159208692,0.00069722221331836,0.00362148680517471,0.000890044927567946,0.00103212174456389,0.00213561117068517,0.00246199960061746,"","FaIR 1.6.2","FaIR 1.6.2","ssp245"
"121",2140,"co2",0.00149275204941141,0.00143839462365403,0.000697723431819064,0.00363149754086667,0.000889152483203315,0.00103174805267243,0.00213874831491889,0.00246536851889052,"","FaIR 1.6.2","FaIR 1.6.2","ssp245"
"122",2141,"co2",0.00149347806661196,0.00143988751266955,0.000698227716758648,0.00364146939694621,0.00088826791835328,0.00103137340124082,0.00214153482779533,0.00246869147990305,"","FaIR 1.6.2","FaIR 1.6.2","ssp245"
"123",2142,"co2",0.00149420114114524,0.00143967383587285,0.000698735002749418,0.00365140291525101,0.000887391207963217,0.00103098618142283,0.00214301807596406,0.0024696785849212,"","FaIR 1.6.2","FaIR 1.6.2","ssp245"
"124",2143,"co2",0.0014949211115398,0.00144070992740897,0.000699245251093661,0.00366129824435024,0.000886919067983882,0.00103076811233827,0.00214390469394932,0.00247013417708075,"","FaIR 1.6.2","FaIR 1.6.2","ssp245"
"125",2144,"co2",0.00149563778585456,0.00144129020734551,0.000699758477367363,0.00367115520506367,0.00088599258671751,0.00103109695434789,0.00214638074657936,0.00247059405087047,"","FaIR 1.6.2","FaIR 1.6.2","ssp245"
"126",2145,"co2",0.0014963510150953,0.00144209031730735,0.000700274768743014,0.00368097352025565,0.000885071822161354,0.0010314190647982,0.00215130862239965,0.00247105745046383,"","FaIR 1.6.2","FaIR 1.6.2","ssp245"
"127",2146,"co2",0.00149706073063499,0.00144272995630246,0.000700794224854251,0.00369075299980892,0.000884156735332819,0.00103172083382179,0.00215319612920872,0.00247152372734494,"","FaIR 1.6.2","FaIR 1.6.2","ssp245"
"128",2147,"co2",0.00149776694684303,0.00144286002902616,0.000701316918559458,0.00370049364175262,0.00088324728438538,0.00103204393565859,0.00215456581616369,0.00247199239557361,"","FaIR 1.6.2","FaIR 1.6.2","ssp245"
"129",2148,"co2",0.00149846974805176,0.00144296723759751,0.000701842876742909,0.0037101956750778,0.000882343403227459,0.00103234717875544,0.00215440111218257,0.0024724631523636,"","FaIR 1.6.2","FaIR 1.6.2","ssp245"
"130",2149,"co2",0.00149916924684735,0.0014429100687976,0.000702372061481826,0.00371985948977827,0.000881475609951776,0.00103267565752512,0.00215568359841445,0.00247293583073116,"","FaIR 1.6.2","FaIR 1.6.2","ssp245"
"131",2150,"co2",0.00149986554900926,0.001443259781015,0.000702904390935455,0.00372948553968122,0.000880663350771638,0.00103226026928072,0.00215771565913325,0.00247341033428938,"","FaIR 1.6.2","FaIR 1.6.2","ssp245"
"132",2151,"co2",0.00150055873998775,0.00144348858630683,0.000703439775003201,0.00373907428062203,0.000879859533939209,0.00103184751384733,0.00215885688786832,0.00247388659704484,"","FaIR 1.6.2","FaIR 1.6.2","ssp245"
"133",2152,"co2",0.00150125012695359,0.00144440928933909,0.000703979662478593,0.0037486278204657,0.000879065284837388,0.00103284212449983,0.00215797981702881,0.00247436589874983,"","FaIR 1.6.2","FaIR 1.6.2","ssp245"
"134",2153,"co2",0.00150194287838987,0.00144483395016315,0.000704526979587783,0.00375815101444488,0.000878283291775528,0.00103297508767586,0.00215661081508367,0.00247485175437578,"","FaIR 1.6.2","FaIR 1.6.2","ssp245"
"135",2154,"co2",0.00150263998804398,0.00144524555583159,0.0007050833044282,0.00376764890049053,0.000877515831750886,0.00103311141130336,0.00215858835903493,0.00247534786899628,"","FaIR 1.6.2","FaIR 1.6.2","ssp245"
"136",2155,"co2",0.00150334311298219,0.0014458726907296,0.000705648578747997,0.00377712485540194,0.000876763853011386,0.00103322712346898,0.00216165986231198,0.00247585666197825,"","FaIR 1.6.2","FaIR 1.6.2","ssp245"
"137",2156,"co2",0.00150405307220872,0.00144593545406102,0.000706222401561929,0.00378658102328622,0.000876027606509622,0.0010330927553599,0.00216179114545989,0.00247639109163107,"","FaIR 1.6.2","FaIR 1.6.2","ssp245"
"138",2157,"co2",0.00150477024036748,0.00144686676676242,0.000706804457682342,0.00379601889274017,0.000875307057556229,0.00103297091033117,0.0021619437051279,0.00247696924028111,"","FaIR 1.6.2","FaIR 1.6.2","ssp245"
"139",2158,"co2",0.00150549478126483,0.00144791933454513,0.000707394528038252,0.00380543971153369,0.000875625744806374,0.00103390042090945,0.00216339673972943,0.00247837349097875,"","FaIR 1.6.2","FaIR 1.6.2","ssp245"
"140",2159,"co2",0.00150622675295982,0.0014486279166035,0.000707992420373449,0.00381484468139082,0.000876065260584813,0.00103458378118049,0.0021660801418939,0.00248145375271841,"","FaIR 1.6.2","FaIR 1.6.2","ssp245"
"141",2160,"co2",0.00150696615005349,0.00144966806833713,0.000708597928903876,0.00382423501857154,0.000876510148440257,0.00103461237230773,0.00216877253550685,0.00248511367240592,"","FaIR 1.6.2","FaIR 1.6.2","ssp245"
"142",2161,"co2",0.00150771290114842,0.00145015540148297,0.000709210811730365,0.00383361189094877,0.000876960226834367,0.001034184752629,0.00216968022745956,0.0024911688701841,"","FaIR 1.6.2","FaIR 1.6.2","ssp245"
"143",2162,"co2",0.00150846684383299,0.00145094706822868,0.000709830786330246,0.0038429762584169,0.000877415308185192,0.00103519257215545,0.00217042320437244,0.00249779510107877,"","FaIR 1.6.2","FaIR 1.6.2","ssp245"
"144",2163,"co2",0.00150922770637253,0.0014516339931272,0.000710457558314781,0.0038523287025658,0.000877875198042943,0.00103631057378273,0.00217117610467188,0.00250439602130619,"","FaIR 1.6.2","FaIR 1.6.2","ssp245"
"145",2164,"co2",0.00150999510267526,0.00145220623064191,0.00071109084589871,0.00386166927943599,0.000878339698286101,0.00103698230862337,0.00217193871433974,0.00251098178561726,"","FaIR 1.6.2","FaIR 1.6.2","ssp245"
"146",2165,"co2",0.00151076855358145,0.00145275102210141,0.000711730417549239,0.00387099745763031,0.000878808615099924,0.00103728241707746,0.00217326481525948,0.00251759080252345,"","FaIR 1.6.2","FaIR 1.6.2","ssp245"
"147",2166,"co2",0.00151154757761823,0.00145355893685339,0.000712376175676876,0.00388031232994379,0.000879281778522145,0.00103758349735106,0.00217512446320978,0.00252300756568147,"","FaIR 1.6.2","FaIR 1.6.2","ssp245"
"148",2167,"co2",0.00151233180984543,0.00145401675547108,0.000713028170664209,0.0038896130338042,0.000879759057379914,0.00103788550678718,0.00217699149099015,0.00252753665383398,"","FaIR 1.6.2","FaIR 1.6.2","ssp245"
"149",2168,"co2",0.0015131210462696,0.00145408914574663,0.000713686486690568,0.0038988990469031,0.000880240348969163,0.00103818849357085,0.00217886530520062,0.00253205936725731,"","FaIR 1.6.2","FaIR 1.6.2","ssp245"
"150",2169,"co2",0.00151391522615719,0.00145459776943246,0.000714351157520055,0.0039081702945003,0.000880725559489814,0.001038051867853,0.00218074543078295,0.00253657583118727,"","FaIR 1.6.2","FaIR 1.6.2","ssp245"
"151",2170,"co2",0.00151471437777964,0.00145512748509447,0.000715022115734598,0.00391742710206699,0.000881214585974011,0.00103777563057328,0.0021821893460805,0.00254108651197349,"","FaIR 1.6.2","FaIR 1.6.2","ssp245"
"152",2171,"co2",0.00151551853358398,0.00145710904522822,0.000715699170002582,0.00392666997076319,0.000881707301167545,0.0010374171976042,0.00218205005278982,0.00254559190813364,"","FaIR 1.6.2","FaIR 1.6.2","ssp245"
"153",2172,"co2",0.00151632767216354,0.00145773457248133,0.000716382064928078,0.00393589934915184,0.000882203553777661,0.00103741627019716,0.00218343510615426,0.00255009232147074,"","FaIR 1.6.2","FaIR 1.6.2","ssp245"
"154",2173,"co2",0.00151714169979221,0.00145877054705501,0.000717070540382503,0.00394511548939391,0.000882703179163169,0.00103742473530932,0.00218568864567903,0.00255458776865325,"","FaIR 1.6.2","FaIR 1.6.2","ssp245"
"155",2174,"co2",0.00151796044042151,0.0014587276528002,0.000717764350059547,0.00395431831744197,0.000883206006299098,0.00103744243359349,0.00218786765487344,0.0025590779286393,"","FaIR 1.6.2","FaIR 1.6.2","ssp245"
"156",2175,"co2",0.0015187836445584,0.00145854837775916,0.000718463283911008,0.00396350736511941,0.00088371186708347,0.00103768907934132,0.0021879256027626,0.00256356216278064,"","FaIR 1.6.2","FaIR 1.6.2","ssp245"
"157",2176,"co2",0.0015196110427512,0.00145964792929831,0.000719167222067441,0.00397268188147848,0.000883874770104986,0.00103750476527997,0.0021879990986351,0.00256803970840913,"","FaIR 1.6.2","FaIR 1.6.2","ssp245"
"158",2177,"co2",0.00152044241297515,0.00146087963223129,0.000719876138601361,0.00398184106418586,0.00088357504464609,0.00103754904305386,0.00218809967069316,0.00257250993462588,"","FaIR 1.6.2","FaIR 1.6.2","ssp245"
"159",2178,"co2",0.00152127762611872,0.00146180827928788,0.000720590063889137,0.0039909842919883,0.000883285462975447,0.00103784471177975,0.00218981238097271,0.00257697253274713,"","FaIR 1.6.2","FaIR 1.6.2","ssp245"
"160",2179,"co2",0.00152211666350156,0.00146279457815357,0.000721309038102413,0.00400011129971212,0.000883005941618942,0.00103791661046935,0.00219204350586821,0.0025814276038405,"","FaIR 1.6.2","FaIR 1.6.2","ssp245"
"161",2180,"co2",0.00152295959021589,0.00146281584345642,0.000722033044991299,0.00400922220356836,0.000882736419864472,0.00103773302769694,0.00219231896610452,0.00258587558043732,"","FaIR 1.6.2","FaIR 1.6.2","ssp245"
"162",2181,"co2",0.00152380649601287,0.0014638098508919,0.000722761976972741,0.00401831736569935,0.000882476824147549,0.00103781122375679,0.0021926536126772,0.00259031701555212,"","FaIR 1.6.2","FaIR 1.6.2","ssp245"
"163",2182,"co2",0.00152465744931285,0.00146451297982608,0.000723495663402351,0.004027397234597,0.000882227048205175,0.00103789774616514,0.00219358665698586,0.00259475240605678,"","FaIR 1.6.2","FaIR 1.6.2","ssp245"
"164",2183,"co2",0.00152551247895432,0.00146497020081826,0.000724233923953488,0.00403646224124721,0.000881986952443015,0.00103799249052994,0.00219604118457362,0.00259713520926041,"","FaIR 1.6.2","FaIR 1.6.2","ssp245"
"165",2184,"co2",0.00152637157109046,0.00146647415496748,0.000724976587140436,0.00404551273090625,0.000881756371348796,0.00103809532642751,0.00219764353041629,0.00259840576656867,"","FaIR 1.6.2","FaIR 1.6.2","ssp245"
"166",2185,"co2",0.00152723467097532,0.00146823304479016,0.000725723500683229,0.00405454891972656,0.000881535122166488,0.00103822136977942,0.00219896138029974,0.00259968685241515,"","FaIR 1.6.2","FaIR 1.6.2","ssp245"
"167",2186,"co2",0.00152810168238251,0.00146947434674027,0.000726474523903065,0.00406357084317133,0.000881323009982005,0.00103922850590634,0.00220027638964115,0.00260276591378877,"","FaIR 1.6.2","FaIR 1.6.2","ssp245"
"168",2187,"co2",0.00152897246122084,0.00146970848516403,0.000727229516295891,0.00407257828128849,0.000881119828879395,0.00103950742790153,0.00220207911746595,0.00260730546026533,"","FaIR 1.6.2","FaIR 1.6.2","ssp245"
"169",2188,"co2",0.00152984682861347,0.00146995312961939,0.000727988364907173,0.0040815707484585,0.000880925372633623,0.00103974568986931,0.0022053112487006,0.00261184217710664,"","FaIR 1.6.2","FaIR 1.6.2","ssp245"
"170",2189,"co2",0.00153072462155483,0.00147059267125282,0.000728751030774299,0.00409054765819228,0.000880739461599944,0.00103998658381927,0.00220854094843492,0.00261637379619284,"","FaIR 1.6.2","FaIR 1.6.2","ssp245"
"171",2190,"co2",0.00153160573016678,0.00147137827480348,0.000729517525662748,0.00409950849458163,0.000880561955803438,0.00104023006215279,0.00221176819818591,0.00262090013347827,"","FaIR 1.6.2","FaIR 1.6.2","ssp245"
"172",2191,"co2",0.00153249010618046,0.00147243159370136,0.000730287866133938,0.0041084529169817,0.000880392750361558,0.00104047608941851,0.00221499301752903,0.00262542112858544,"","FaIR 1.6.2","FaIR 1.6.2","ssp245"
"173",2192,"co2",0.00153337777412773,0.00147340179179256,0.000731062074114108,0.00411738088041247,0.000880231772949269,0.00104072464170479,0.00221821547663037,0.00262993688242474,"","FaIR 1.6.2","FaIR 1.6.2","ssp245"
"174",2193,"co2",0.00153426881499359,0.00147431784005869,0.00073184013633032,0.00412629265875974,0.000880078967261611,0.00104097570045056,0.00221948544067185,0.00263444763807819,"","FaIR 1.6.2","FaIR 1.6.2","ssp245"
"175",2194,"co2",0.00153516331311794,0.00147557768113682,0.00073243040066906,0.00413518869125795,0.000880479643931231,0.00104122924072674,0.00222043030843633,0.00263895367576072,"","FaIR 1.6.2","FaIR 1.6.2","ssp245"
"176",2195,"co2",0.00153606131543216,0.00147684042219476,0.000732505870719047,0.00414406941033096,0.000880981969952899,0.00104148920378042,0.00222138308212827,0.00264345522553366,"","FaIR 1.6.2","FaIR 1.6.2","ssp245"
"177",2196,"co2",0.00153696282006485,0.00147826547878838,0.000732584666064628,0.004152935139353,0.000881485677171057,0.00104177579173323,0.00222376673218605,0.00264795242796101,"","FaIR 1.6.2","FaIR 1.6.2","ssp245"
"178",2197,"co2",0.00153786777085987,0.00147937478840232,0.000732666712143004,0.00416178600293193,0.000881990637036978,0.00104206437876246,0.00222655545248029,0.00265244530951847,"","FaIR 1.6.2","FaIR 1.6.2","ssp245"
"179",2198,"co2",0.00153877605272311,0.00148022644783508,0.000732751936945109,0.00417062183499617,0.00088249669286844,0.00104235489741553,0.00222934022937249,0.00265693376250198,"","FaIR 1.6.2","FaIR 1.6.2","ssp245"
"180",2199,"co2",0.00153968751614498,0.00148113286591922,0.00073284027490228,0.00417944220543554,0.00088300369817107,0.00104265415884353,0.00223212108516524,0.00266141758179828,"","FaIR 1.6.2","FaIR 1.6.2","ssp245"
"181",2200,"co2",0.00154060203608227,0.00148204297180943,0.000732931672047465,0.00418824662799455,0.000883511575878515,0.00104290918379446,0.00223469302461154,0.00266472777079585,"","FaIR 1.6.2","FaIR 1.6.2","ssp245"
"182",2201,"co2",0.00154151956320989,0.00148263689004979,0.00073302608657011,0.00419703482161982,0.00088402034573809,0.00104315416307532,0.00223504168809718,0.00266740404080501,"","FaIR 1.6.2","FaIR 1.6.2","ssp245"
"183",2202,"co2",0.00154244013151494,0.00148393969922478,0.000733123483083853,0.00420580684994576,0.000884530094824587,0.00104270366907189,0.00223540088452623,0.00267008432053473,"","FaIR 1.6.2","FaIR 1.6.2","ssp245"
"184",2203,"co2",0.00154336382575874,0.0014848332576145,0.000733223825398754,0.00421456309183377,0.000885040918006119,0.00104226144228869,0.00223577060706681,0.0026727687670336,"","FaIR 1.6.2","FaIR 1.6.2","ssp245"
"185",2204,"co2",0.00154429073280364,0.00148580230678919,0.000733327071883672,0.00422330408974858,0.000885552863535644,0.00104182737663994,0.00223827088868589,0.0026754576611987,"","FaIR 1.6.2","FaIR 1.6.2","ssp245"
"186",2205,"co2",0.00154522091118479,0.00148671296548164,0.000733433175748255,0.00423203041141562,0.000886065919468937,0.00104188058835897,0.00224144777849844,0.00267815130222449,"","FaIR 1.6.2","FaIR 1.6.2","ssp245"
"187",2206,"co2",0.00154615438923315,0.00148747853948406,0.000733542088977801,0.00424074259622831,0.000886580034791695,0.00104210482088165,0.00224461704231516,0.00268084996577489,"","FaIR 1.6.2","FaIR 1.6.2","ssp245"
"188",2207,"co2",0.00154709116811289,0.0014885055306908,0.000733653764950049,0.004249441127544,0.000887095137504179,0.00104232856440059,0.0022477788030848,0.00268355388269992,"","FaIR 1.6.2","FaIR 1.6.2","ssp245"
"189",2208,"co2",0.00154803122059372,0.00148965854072891,0.000733768158821979,0.00425812638874667,0.000887611142027733,0.00104260312472897,0.00225053947996119,0.00268626320729304,"","FaIR 1.6.2","FaIR 1.6.2","ssp245"
"190",2209,"co2",0.00154897448696011,0.00149081168897824,0.000733885227825803,0.00426679860528623,0.000888127951101936,0.00104249201240354,0.00225146117417152,0.00268897797437617,"","FaIR 1.6.2","FaIR 1.6.2","ssp245"
"191",2210,"co2",0.00154992087367949,0.00149177889461205,0.000734004931477461,0.00427545778979876,0.000888645460204618,0.00104302478793306,0.00225236934771531,0.0026907934634588,"","FaIR 1.6.2","FaIR 1.6.2","ssp245"
"192",2211,"co2",0.00155087026833602,0.0014927720696889,0.000734127233543713,0.00428410376022281,0.000889163577572738,0.00104340324198609,0.00225324094371255,0.00269249625546308,"","FaIR 1.6.2","FaIR 1.6.2","ssp245"
"193",2212,"co2",0.00155182256970616,0.00149325330626171,0.000734252103861355,0.00429273625608584,0.000889682251393964,0.0010436938319341,0.0022541217835144,0.00269419522037673,"","FaIR 1.6.2","FaIR 1.6.2","ssp245"
"194",2213,"co2",0.00155277771359264,0.00149462485829321,0.00073437951800992,0.00430135508306684,0.000890201481296593,0.00104398921711828,0.00225501178594695,0.00269589034894935,"","FaIR 1.6.2","FaIR 1.6.2","ssp245"
"195",2214,"co2",0.00155373568021391,0.00149558449423992,0.000734509454883625,0.00430996020901553,0.00089072130610468,0.00104428933971268,0.00225757072250165,0.00270070668742051,"","FaIR 1.6.2","FaIR 1.6.2","ssp245"
"196",2215,"co2",0.00155469648525634,0.00149606376778522,0.000734641893308519,0.00431855178816587,0.000891241779034324,0.00104459415790552,0.0022605498534336,0.00270536918887121,"","FaIR 1.6.2","FaIR 1.6.2","ssp245"
"197",2216,"co2",0.00155566016453211,0.00149613158348716,0.000734776810478621,0.00432713014236885,0.000891762945941732,0.00104490363642542,0.00226352096989566,0.00270811666577586,"","FaIR 1.6.2","FaIR 1.6.2","ssp245"
"198",2217,"co2",0.00155662676059116,0.00149702692858611,0.000734914181265145,0.00433569572059866,0.000892284833805768,0.00104520865632107,0.00226648451870113,0.00271086879893545,"","FaIR 1.6.2","FaIR 1.6.2","ssp245"
"199",2218,"co2",0.00155759630600991,0.00149731403233222,0.000735053978434985,0.0043442490259169,0.000892807440470378,0.00104557959912688,0.00226944085920042,0.00271362583396595,"","FaIR 1.6.2","FaIR 1.6.2","ssp245"
"200",2219,"co2",0.0015585688049964,0.00149835066349491,0.000735196172859665,0.00435279049995518,0.000893330727763431,0.00104583155336435,0.00227239016513163,0.00271638796974383,"","FaIR 1.6.2","FaIR 1.6.2","ssp245"
"201",2220,"co2",0.0015595442268075,0.00149941261066378,0.00073534073558279,0.00436132043454318,0.000893854630017454,0.00104614987215879,0.00227478721066987,0.00271915529752942,"","FaIR 1.6.2","FaIR 1.6.2","ssp245"
"202",2221,"co2",0.00156052250793588,0.00150044490287193,0.000735487639718535,0.00436983891805731,0.000894379068665074,0.00104647265817004,0.00227661521179012,0.00272423562238622,"","FaIR 1.6.2","FaIR 1.6.2","ssp245"
"203",2222,"co2",0.00156150356215453,0.0015014410873424,0.000735636861902922,0.0043783458276323,0.00089490396974945,0.00104679981969591,0.00227844810021338,0.0027293212821542,"","FaIR 1.6.2","FaIR 1.6.2","ssp245"
"204",2223,"co2",0.00156248729948386,0.00150201596763377,0.000735788383553038,0.00438684088773833,0.000895429282771198,0.00104713127084999,0.00228028586574958,0.00273440031450445,"","FaIR 1.6.2","FaIR 1.6.2","ssp245"
"205",2224,"co2",0.0015634736494541,0.00150252092221104,0.000735942190675187,0.0043953237921901,0.000895954995581594,0.00104746694122282,0.00228212849693321,0.00273947250427931,"","FaIR 1.6.2","FaIR 1.6.2","ssp245"
"206",2225,"co2",0.00156446258713887,0.00150340188749531,0.00073609827285992,0.00440379439613015,0.000896481143959793,0.00104780678528016,0.00228397599027819,0.00274453779232875,"","FaIR 1.6.2","FaIR 1.6.2","ssp245"
"207",2226,"co2",0.00156545413918066,0.00150415005803328,0.000736256620158304,0.00441225284838964,0.000897007795988003,0.00104815078014076,0.00228582835250535,0.00274959633192839,"","FaIR 1.6.2","FaIR 1.6.2","ssp245"
"208",2227,"co2",0.00156644835982618,0.00150530606396648,0.000736417219223684,0.0044206995561904,0.000897535013989703,0.001048802199342,0.0022876856002112,0.00275464842394513,"","FaIR 1.6.2","FaIR 1.6.2","ssp245"
"209",2228,"co2",0.00156744530191622,0.00150584287711686,0.000736580052284275,0.00442913506556941,0.000898062827573654,0.00104946133189987,0.0022898776219451,0.0027596944110897,"","FaIR 1.6.2","FaIR 1.6.2","ssp245"
"210",2229,"co2",0.00156844499796745,0.00150638575027351,0.000736745098613545,0.00443755993759165,0.00089859122833813,0.00105012319274023,0.00229217463351805,0.00276473459122961,"","FaIR 1.6.2","FaIR 1.6.2","ssp245"
"211",2230,"co2",0.00156944745248534,0.00150693471207042,0.000736912337006457,0.00444597465515795,0.00089912017860927,0.00105115138001248,0.00229446433149949,0.00276976916746907,"","FaIR 1.6.2","FaIR 1.6.2","ssp245"
"212",2231,"co2",0.00157045263986428,0.00150786715799001,0.000737081747739676,0.00445437954071792,0.000899649623216536,0.00105145848713786,0.00229674682225856,0.00277479821599869,"","FaIR 1.6.2","FaIR 1.6.2","ssp245"
"213",2232,"co2",0.00157146050894551,0.0015088339933067,0.000737253314266217,0.00446277470480538,0.000900179504430998,0.00105176613849611,0.00229902215341582,0.00277982167769153,"","FaIR 1.6.2","FaIR 1.6.2","ssp245"
"214",2233,"co2",0.001572471001625,0.00151003681645978,0.000737427024362303,0.00447116010985038,0.00090070978233836,0.00105207646165528,0.00230129034173299,0.00278483942585872,"","FaIR 1.6.2","FaIR 1.6.2","ssp245"
"215",2234,"co2",0.00157348407213392,0.00151182074581024,0.000737602869044229,0.00447953568957526,0.000901240445453588,0.00105238960128418,0.0023035514097991,0.00278898278065398,"","FaIR 1.6.2","FaIR 1.6.2","ssp245"
"216",2235,"co2",0.00157449969355731,0.00151265966202674,0.000737780840715185,0.00448790143081457,0.000901771504534743,0.00105266752930748,0.00230580540505265,0.00279194588243925,"","FaIR 1.6.2","FaIR 1.6.2","ssp245"
"217",2236,"co2",0.00157551785769522,0.0015129545773096,0.000737960931212145,0.00449625742720183,0.000902302981510505,0.00105296358048916,0.00230868773736681,0.0027949024243874,"","FaIR 1.6.2","FaIR 1.6.2","ssp245"
"218",2237,"co2",0.00157653857135331,0.0015132623779559,0.000738143130513347,0.00450460391544194,0.000902834899120464,0.00105328831107749,0.00231170159396932,0.00279785248935749,"","FaIR 1.6.2","FaIR 1.6.2","ssp245"
"219",2238,"co2",0.00157756184756092,0.00151464410947333,0.000738327426370144,0.00451294125704127,0.000903367270784994,0.0010536158253448,0.00231471133845584,0.00280079618279316,"","FaIR 1.6.2","FaIR 1.6.2","ssp245"
"220",2239,"co2",0.00157858769444325,0.00151591227097891,0.000738513804895202,0.00452126986755452,0.000903896649672249,0.00105394610195015,0.00231673386663633,0.0028037336094684,"","FaIR 1.6.2","FaIR 1.6.2","ssp245"
"221",2240,"co2",0.00157961610789253,0.00151645163903869,0.000738702252322865,0.00452959013700394,0.000904426495824073,0.00105427911448537,0.00231851658892612,0.00280656308364452,"","FaIR 1.6.2","FaIR 1.6.2","ssp245"
"222",2241,"co2",0.00158064707080027,0.00151714579081785,0.000738892756400711,0.004537902367165,0.000904956789163371,0.00105461483340814,0.00232030420157958,0.00280890495155091,"","FaIR 1.6.2","FaIR 1.6.2","ssp245"
"223",2242,"co2",0.00158168055517782,0.00151810710315248,0.000739085307798204,0.00454620672677475,0.000905487510759693,0.00105495322883913,0.00232209664982896,0.00281124725538545,"","FaIR 1.6.2","FaIR 1.6.2","ssp245"
"224",2243,"co2",0.00158271652670184,0.00151928690504355,0.000739279901083467,0.0045545032154557,0.000906018652333218,0.0010552942735585,0.00232389387325149,0.00281359000309024,"","FaIR 1.6.2","FaIR 1.6.2","ssp245"
"225",2244,"co2",0.00158375495446865,0.00152040783700569,0.00073947653383355,0.00456279171591145,0.000906550221803026,0.00105565022762075,0.00232579055892401,0.00281593320051781,"","FaIR 1.6.2","FaIR 1.6.2","ssp245"
"226",2245,"co2",0.00158479582085555,0.00152130474121859,0.000739675203904389,0.00457107212589491,0.000907082240229313,0.00105601381979259,0.00232797927366235,0.00281827685560178,"","FaIR 1.6.2","FaIR 1.6.2","ssp245"
"227",2246,"co2",0.00158583912311275,0.00152257333877781,0.000739875906797138,0.00457934447392372,0.000907614730641428,0.00105635904750656,0.00233016182158075,0.00282062097993067,"","FaIR 1.6.2","FaIR 1.6.2","ssp245"
"228",2247,"co2",0.00158688486718325,0.0015241227977878,0.000740078633940211,0.00458760896047039,0.00090814770617651,0.00105670682681813,0.00233233830248025,0.00282296558929556,"","FaIR 1.6.2","FaIR 1.6.2","ssp245"
"229",2248,"co2",0.0015879330590299,0.00152567479204002,0.000740283373626749,0.00459586592848904,0.000908681164741054,0.00105705714323889,0.00233450883055752,0.00282531070172262,"","FaIR 1.6.2","FaIR 1.6.2","ssp245"
"230",2249,"co2",0.00158898369811709,0.00152660312270436,0.000740490113122716,0.00460411578558073,0.000909215092052451,0.00105740997795767,0.00233667351767508,0.00282765633556371,"","FaIR 1.6.2","FaIR 1.6.2","ssp245"
"231",2250,"co2",0.00159003677563553,0.00152759588128104,0.000740698840244747,0.00461235894500511,0.00090975357825472,0.00105776530932555,0.00233883246446087,0.00283000250650933,"","FaIR 1.6.2","FaIR 1.6.2","ssp245"
"232",2251,"co2",0.00159109227311929,0.00152854478658782,0.000740909542052082,0.00462059579209395,0.000910292811198108,0.00105812311224618,0.00234098575532116,0.00283234922658817,"","FaIR 1.6.2","FaIR 1.6.2","ssp245"
"233",2252,"co2",0.00159214893132259,0.00152887109156197,0.000741121157739943,0.00462882497399342,0.00091083141523618,0.00105848221398031,0.00234313223404747,0.0028346954340861,"","FaIR 1.6.2","FaIR 1.6.2","ssp245"
"234",2253,"co2",0.00159320357777063,0.00152948015447807,0.000741331300717407,0.00463704216604199,0.000911367014848368,0.00105886615027668,0.00234526873556362,0.00283703819597482,"","FaIR 1.6.2","FaIR 1.6.2","ssp245"
"235",2254,"co2",0.0015942530627643,0.00153043278815801,0.000741538139916731,0.00464524235859187,0.000911897647973452,0.0010592896202577,0.00234739191258893,0.00283937417199854,"","FaIR 1.6.2","FaIR 1.6.2","ssp245"
"236",2255,"co2",0.00159529542068694,0.00153193093392989,0.000741741072241231,0.00465342154724624,0.00091242252966274,0.00105971924266868,0.00234941650878628,0.00284170074891281,"","FaIR 1.6.2","FaIR 1.6.2","ssp245"
"237",2256,"co2",0.00159632949800899,0.00153302244365605,0.000741940047973788,0.0046615765349447,0.000912941513838874,0.0010601441221687,0.002350285636604,0.00284401591894684,"","FaIR 1.6.2","FaIR 1.6.2","ssp245"
"238",2257,"co2",0.00159735469038302,0.00153371819810788,0.000742135225332285,0.00466970481713069,0.000913454764767523,0.00106056408957622,0.00235114820196625,0.00284631817381145,"","FaIR 1.6.2","FaIR 1.6.2","ssp245"
"239",2258,"co2",0.00159837075874579,0.00153496282632126,0.000742326809072491,0.00467780449221777,0.000913962568647015,0.00106097922654325,0.00235200331393681,0.00284860641567685,"","FaIR 1.6.2","FaIR 1.6.2","ssp245"
"240",2259,"co2",0.00159937770121542,0.00153599630357659,0.00074251498542921,0.00468587417389621,0.000914465232471717,0.00106138974458814,0.00235319979467441,0.00285087988156419,"","FaIR 1.6.2","FaIR 1.6.2","ssp245"
"241",2260,"co2",0.00160037566422958,0.00153701514013793,0.000742699903097721,0.00469391290935128,0.000914963034001117,0.00106173712762159,0.00235551548519375,0.00285463664459317,"","FaIR 1.6.2","FaIR 1.6.2","ssp245"
"242",2261,"co2",0.00160136488231418,0.00153808782105047,0.000742881675743101,0.00470192009755444,0.000915456203782275,0.00106216454340791,0.00235781613272579,0.00285977119539132,"","FaIR 1.6.2","FaIR 1.6.2","ssp245"
"243",2262,"co2",0.00160234563826365,0.00153916912095831,0.000743060391893202,0.00470989540521138,0.000915944924228442,0.0010625962334041,0.00236010172029655,0.00286489001661614,"","FaIR 1.6.2","FaIR 1.6.2","ssp245"
"244",2263,"co2",0.00160331823860369,0.00153975826496078,0.000743236126290903,0.00471783867774533,0.000916429339055964,0.00106299086874184,0.00236237236737313,0.00286999363060348,"","FaIR 1.6.2","FaIR 1.6.2","ssp245"
"245",2264,"co2",0.00160428299967479,0.00154095195640025,0.000743408949585023,0.00472574985250063,0.000916909566980268,0.00106338208275458,0.00236462828224049,0.00287445934406083,"","FaIR 1.6.2","FaIR 1.6.2","ssp245"
"246",2265,"co2",0.00160524023924246,0.00154236054910672,0.000743578934740974,0.00473362889520779,0.000917385711911387,0.00106377003540414,0.00236686973047995,0.002877102372012,"","FaIR 1.6.2","FaIR 1.6.2","ssp245"
"247",2266,"co2",0.00160619027183526,0.00154234009884879,0.000743746160789982,0.00474147575553197,0.00091785787100821,0.00106400523119632,0.00236909701296995,0.0028797288066702,"","FaIR 1.6.2","FaIR 1.6.2","ssp245"
"248",2267,"co2",0.00160713340509576,0.00154304399764205,0.000743910713753015,0.00474929034674609,0.000918326137882786,0.00106420385709294,0.00237131045139893,0.00288233895755408,"","FaIR 1.6.2","FaIR 1.6.2","ssp245"
"249",2268,"co2",0.00160806993392529,0.00154396590086425,0.000744072684544239,0.00475707257052171,0.000918727449979517,0.0010645331184338,0.00237351038580869,0.00288493311689386,"","FaIR 1.6.2","FaIR 1.6.2","ssp245"
"250",2269,"co2",0.00160900013158059,0.00154450997802424,0.000744232164476832,0.00476482237907128,0.000918946676129822,0.00106485977142201,0.00237569717846053,0.00288751155151967,"","FaIR 1.6.2","FaIR 1.6.2","ssp245"
"251",2270,"co2",0.00160992423973659,0.00154456047633467,0.000744389240730614,0.00477253985021164,0.000919163909997367,0.0010651838733593,0.00237787121978972,0.00289007449531464,"","FaIR 1.6.2","FaIR 1.6.2","ssp245"
"252",2271,"co2",0.00161084246513056,0.00154464807818888,0.000744543995546021,0.00478022521379806,0.000919377807451438,0.00106550542671568,0.0023800329255641,0.00289262214432995,"","FaIR 1.6.2","FaIR 1.6.2","ssp245"
"253",2272,"co2",0.0016117549848519,0.00154613560187089,0.000744696509135112,0.00478787881302623,0.000919587257489418,0.00106582439973968,0.00238218272256585,0.00289515465970691,"","FaIR 1.6.2","FaIR 1.6.2","ssp245"
"254",2273,"co2",0.00161266195404044,0.00154666942385617,0.000744846862357207,0.00479550104385318,0.000919794712352262,0.00106614075021039,0.00238432103378994,0.00289767217443071,"","FaIR 1.6.2","FaIR 1.6.2","ssp245"
"255",2274,"co2",0.00161356351271536,0.00154694070355665,0.000744995137767379,0.00480309230703746,0.000920000174202462,0.00106645444299103,0.00238644827031731,0.00290017479892857,"","FaIR 1.6.2","FaIR 1.6.2","ssp245"
"256",2275,"co2",0.00161445979265628,0.00154720786773099,0.000745141420518625,0.00481065295912586,0.000920203673021369,0.00106676546545481,0.00238856482231409,0.00290266262863437,"","FaIR 1.6.2","FaIR 1.6.2","ssp245"
"257",2276,"co2",0.00161535092376685,0.00154748035213359,0.000745285798753326,0.00481818327688543,0.000920405277206493,0.00106707383979199,0.00239067105426383,0.00290513575170159,"","FaIR 1.6.2","FaIR 1.6.2","ssp245"
"258",2277,"co2",0.00161623703611652,0.00154841195828048,0.00074542836192526,0.00482568344817125,0.000920605090577009,0.00106737962238679,0.00239268639831547,0.00290759425466369,"","FaIR 1.6.2","FaIR 1.6.2","ssp245"
"259",2278,"co2",0.00161711825523904,0.00154933861191209,0.000745569196305862,0.00483315360843228,0.000920803231633682,0.00106768288518211,0.00239428111423123,0.00291003822112312,"","FaIR 1.6.2","FaIR 1.6.2","ssp245"
"260",2279,"co2",0.00161799469458779,0.00154970626215345,0.000745708381023613,0.00484059390029756,0.000920999808211587,0.00106798369164895,0.00239672156124104,0.00291246772726517,"","FaIR 1.6.2","FaIR 1.6.2","ssp245"
"261",2280,"co2",0.0016188664512408,0.00155003936076437,0.000745845986472204,0.0048480045112882,0.000921194904081046,0.00106828208407794,0.00239899933143217,0.0029148828379455,"","FaIR 1.6.2","FaIR 1.6.2","ssp245"
"262",2281,"co2",0.00161973360499227,0.0015503701773647,0.000745982074899842,0.00485538568778132,0.000921388576966331,0.00106857808121674,0.00240105877752583,0.00291728360616439,"","FaIR 1.6.2","FaIR 1.6.2","ssp245"
"263",2282,"co2",0.00162059621975509,0.00155085398109556,0.000746116701580757,0.00486273773153023,0.000921580862946358,0.00106887168207015,0.00240310976691305,0.00291967007228955,"","FaIR 1.6.2","FaIR 1.6.2","ssp245"
"264",2283,"co2",0.00162145434910594,0.00155155451290145,0.000746249917841446,0.00487006097162457,0.000921771791387416,0.00106916288096004,0.00240515258070673,0.00292204226772164,"","FaIR 1.6.2","FaIR 1.6.2","ssp245"
"265",2284,"co2",0.00162230804325611,0.0015524025028526,0.000746381773861327,0.00487735572588299,0.000921961401833427,0.00106945168441674,0.00240718748522184,0.00292440022169327,"","FaIR 1.6.2","FaIR 1.6.2","ssp245"
"266",2285,"co2",0.00162315735355955,0.00155332940736841,0.000746512319456549,0.00488462227649045,0.000922149752488943,0.0010697381200222,0.00240921472982691,0.00292674396659898,"","FaIR 1.6.2","FaIR 1.6.2","ssp245"
"267",2286,"co2",0.00162400233669511,0.00155424717263153,0.000746641604921994,0.00489186084737092,0.000922336926966194,0.00107002224433694,0.00241123454749648,0.00292907354372574,"","FaIR 1.6.2","FaIR 1.6.2","ssp245"
"268",2287,"co2",0.00162484305847516,0.00155476842838698,0.000746769681574833,0.00489907158449654,0.000922523039764922,0.00107030414841214,0.00241324715091995,0.00293138900878631,"","FaIR 1.6.2","FaIR 1.6.2","ssp245"
"269",2288,"co2",0.00162567959141301,0.00155571023871293,0.000746896599568725,0.00490625456940386,0.000922708224239122,0.00107058394736015,0.00241525273763887,0.00293369043167768,"","FaIR 1.6.2","FaIR 1.6.2","ssp245"
"270",2289,"co2",0.00162651200527414,0.00155664626780583,0.00074702240318536,0.00491340987329814,0.00092289260424705,0.00107122478646104,0.00241725149423999,0.00293597788883826,"","FaIR 1.6.2","FaIR 1.6.2","ssp245"
"271",2290,"co2",0.00162734035612456,0.00155750901739315,0.000747147126904713,0.00492053761652578,0.000923076266167833,0.00107210895548882,0.00241915612491006,0.00293825145214122,"","FaIR 1.6.2","FaIR 1.6.2","ssp245"
"272",2291,"co2",0.00162816468110886,0.00155774036446843,0.000747270795246058,0.00492763799930707,0.000923259249070441,0.00107288836372366,0.0024208694433252,0.00294051118018857,"","FaIR 1.6.2","FaIR 1.6.2","ssp245"
"273",2292,"co2",0.00162898500336394,0.00155774968769906,0.000747393426741905,0.00493471128586975,0.000923441562486804,0.00107320599250382,0.00242320860671175,0.00294275711981484,"","FaIR 1.6.2","FaIR 1.6.2","ssp245"
"274",2293,"co2",0.00162980133956206,0.00155864485145729,0.000747515037974544,0.00494175776807815,0.000923623208078705,0.00107352159229279,0.00242518185180352,0.00294498931127052,"","FaIR 1.6.2","FaIR 1.6.2","ssp245"
"275",2294,"co2",0.00163061370384335,0.0015594950899338,0.000747635644772426,0.00494877774402624,0.000923804189842503,0.00107383520258075,0.00242695218715028,0.00294720779315227,"","FaIR 1.6.2","FaIR 1.6.2","ssp245"
"276",2295,"co2",0.00163142211234566,0.00156002404256261,0.000747755263685645,0.00495577149503212,0.000923984523812482,0.00107414686610197,0.00242823220543986,0.00294941260582249,"","FaIR 1.6.2","FaIR 1.6.2","ssp245"
"277",2296,"co2",0.00163222659002601,0.00156056905201263,0.00074787391399167,0.00496273925479507,0.000924164252748438,0.00107445663371619,0.00242950835717792,0.0029516038012094,"","FaIR 1.6.2","FaIR 1.6.2","ssp245"
"278",2297,"co2",0.00163302717546545,0.0015611461791889,0.000747991618482935,0.00496968118408603,0.000924343454034693,0.00107476456717048,0.00243078079975945,0.00295378144967717,"","FaIR 1.6.2","FaIR 1.6.2","ssp245"
"279",2298,"co2",0.00163382391927399,0.00156208460224594,0.000748108401438241,0.00497659737492206,0.000924522230433711,0.00107507073769009,0.00243204967724164,0.00295594564037671,"","FaIR 1.6.2","FaIR 1.6.2","ssp245"
"280",2299,"co2",0.00163461687641107,0.0015630538550071,0.000748224284666144,0.00498348788578262,0.000924700687558566,0.00107537521944634,0.00243331512149147,0.00295809647624434,"","FaIR 1.6.2","FaIR 1.6.2","ssp245"
"281",2300,"co2",0.00163540609490356,0.00156343329670561,0.000748339283458188,0.00499035279088389,0.000925122058331951,0.00107567808044218,0.00243457725726692,0.00296023405949519,"FaIR 1.6.2","FaIR 1.6.2","FaIR 1.6.2","ssp245"
