"","scenario","year","variable","temp.baseline","units","gas","temp.perturbed","temp.delta","version","labels","group"
"1","ssp245",2020,"Tgav",1.53879473648252,"degC","co2",1.53879473648252,0,"HECTOR 2.5","","co2
HECTOR 2.5
ssp245"
"2","ssp245",2021,"Tgav",1.56819317044645,"degC","co2",1.56819317044645,0,"HECTOR 2.5","","co2
HECTOR 2.5
ssp245"
"3","ssp245",2022,"Tgav",1.59594785829209,"degC","co2",1.59597211734787,0,"HECTOR 2.5","","co2
HECTOR 2.5
ssp245"
"4","ssp245",2023,"Tgav",1.62252663144968,"degC","co2",1.62264145883751,0,"HECTOR 2.5","","co2
HECTOR 2.5
ssp245"
"5","ssp245",2024,"Tgav",1.64820899903457,"degC","co2",1.64851068768606,0,"HECTOR 2.5","","co2
HECTOR 2.5
ssp245"
"6","ssp245",2025,"Tgav",1.67317635730074,"degC","co2",1.67378095110982,0,"HECTOR 2.5","","co2
HECTOR 2.5
ssp245"
"7","ssp245",2026,"Tgav",1.69755399542555,"degC","co2",1.69859119252463,0,"HECTOR 2.5","","co2
HECTOR 2.5
ssp245"
"8","ssp245",2027,"Tgav",1.72143270855434,"degC","co2",1.72304186829899,0,"HECTOR 2.5","","co2
HECTOR 2.5
ssp245"
"9","ssp245",2028,"Tgav",1.74488088244963,"degC","co2",1.7472082368311,0,"HECTOR 2.5","","co2
HECTOR 2.5
ssp245"
"10","ssp245",2029,"Tgav",1.76795170807588,"degC","co2",1.77114832788334,0,"HECTOR 2.5","","co2
HECTOR 2.5
ssp245"
"11","ssp245",2030,"Tgav",1.79068770420743,"degC","co2",1.79490797039941,0.00042202661919799,"HECTOR 2.5","","co2
HECTOR 2.5
ssp245"
"12","ssp245",2031,"Tgav",1.8137892896038,"degC","co2",1.81918971912139,0.000540042951759001,"HECTOR 2.5","","co2
HECTOR 2.5
ssp245"
"13","ssp245",2032,"Tgav",1.83713525213492,"degC","co2",1.84382817506913,0.000669292293421009,"HECTOR 2.5","","co2
HECTOR 2.5
ssp245"
"14","ssp245",2033,"Tgav",1.86054452850261,"degC","co2",1.86856407927721,0.000801955077459993,"HECTOR 2.5","","co2
HECTOR 2.5
ssp245"
"15","ssp245",2034,"Tgav",1.88391287165146,"degC","co2",1.89323687593302,0.000932400428156011,"HECTOR 2.5","","co2
HECTOR 2.5
ssp245"
"16","ssp245",2035,"Tgav",1.90716715057206,"degC","co2",1.91774706503,0.00105799144579399,"HECTOR 2.5","","co2
HECTOR 2.5
ssp245"
"17","ssp245",2036,"Tgav",1.93029143501221,"degC","co2",1.94203039447594,0.001173895946373,"HECTOR 2.5","","co2
HECTOR 2.5
ssp245"
"18","ssp245",2037,"Tgav",1.95325852271277,"degC","co2",1.96604438112648,0.00127858584137102,"HECTOR 2.5","","co2
HECTOR 2.5
ssp245"
"19","ssp245",2038,"Tgav",1.97604917560334,"degC","co2",1.98976092500383,0.00137117494004899,"HECTOR 2.5","","co2
HECTOR 2.5
ssp245"
"20","ssp245",2039,"Tgav",1.99865524240342,"degC","co2",2.01316209914582,0.00145068567423998,"HECTOR 2.5","","co2
HECTOR 2.5
ssp245"
"21","ssp245",2040,"Tgav",2.02107436350134,"degC","co2",2.03623706172935,0.00151626982280098,"HECTOR 2.5","","co2
HECTOR 2.5
ssp245"
"22","ssp245",2041,"Tgav",2.04334616180963,"degC","co2",2.05901875667633,0.00156725948667003,"HECTOR 2.5","","co2
HECTOR 2.5
ssp245"
"23","ssp245",2042,"Tgav",2.06544446725137,"degC","co2",2.08149749619567,0.00160530289443002,"HECTOR 2.5","","co2
HECTOR 2.5
ssp245"
"24","ssp245",2043,"Tgav",2.08733222437777,"degC","co2",2.10366999241365,0.00163377680358798,"HECTOR 2.5","","co2
HECTOR 2.5
ssp245"
"25","ssp245",2044,"Tgav",2.10898656218299,"degC","co2",2.12553774515974,0.001655118297675,"HECTOR 2.5","","co2
HECTOR 2.5
ssp245"
"26","ssp245",2045,"Tgav",2.13039478181602,"degC","co2",2.14710431699298,0.00167095351769602,"HECTOR 2.5","","co2
HECTOR 2.5
ssp245"
"27","ssp245",2046,"Tgav",2.15155034237993,"degC","co2",2.16837473515755,0.00168243927776199,"HECTOR 2.5","","co2
HECTOR 2.5
ssp245"
"28","ssp245",2047,"Tgav",2.17245072414825,"degC","co2",2.18935506026875,0.00169043361205001,"HECTOR 2.5","","co2
HECTOR 2.5
ssp245"
"29","ssp245",2048,"Tgav",2.19309615162689,"degC","co2",2.21005206942281,0.001695591779592,"HECTOR 2.5","","co2
HECTOR 2.5
ssp245"
"30","ssp245",2049,"Tgav",2.21348875333499,"degC","co2",2.23047300601033,0.00169842526753401,"HECTOR 2.5","","co2
HECTOR 2.5
ssp245"
"31","ssp245",2050,"Tgav",2.23363199177701,"degC","co2",2.25062539524494,0.001699340346793,"HECTOR 2.5","","co2
HECTOR 2.5
ssp245"
"32","ssp245",2051,"Tgav",2.25318457928688,"degC","co2",2.27017122296423,0.00169866436773503,"HECTOR 2.5","","co2
HECTOR 2.5
ssp245"
"33","ssp245",2052,"Tgav",2.27218819613569,"degC","co2",2.28915493668234,0.00169667405466503,"HECTOR 2.5","","co2
HECTOR 2.5
ssp245"
"34","ssp245",2053,"Tgav",2.29070093500784,"degC","co2",2.30763698963014,0.00169360546223003,"HECTOR 2.5","","co2
HECTOR 2.5
ssp245"
"35","ssp245",2054,"Tgav",2.30875660879302,"degC","co2",2.32565312337927,0.00168965145862501,"HECTOR 2.5","","co2
HECTOR 2.5
ssp245"
"36","ssp245",2055,"Tgav",2.32637893688929,"degC","co2",2.34322542634095,0.00168464894516598,"HECTOR 2.5","","co2
HECTOR 2.5
ssp245"
"37","ssp245",2056,"Tgav",2.34358270700754,"degC","co2",2.36037866607434,0.00167959590667999,"HECTOR 2.5","","co2
HECTOR 2.5
ssp245"
"38","ssp245",2057,"Tgav",2.36038803136693,"degC","co2",2.37712965029683,0.00167416189299003,"HECTOR 2.5","","co2
HECTOR 2.5
ssp245"
"39","ssp245",2058,"Tgav",2.37680840407674,"degC","co2",2.39348868614789,0.001668028207115,"HECTOR 2.5","","co2
HECTOR 2.5
ssp245"
"40","ssp245",2059,"Tgav",2.39285182557613,"degC","co2",2.40946694474527,0.00166151191691402,"HECTOR 2.5","","co2
HECTOR 2.5
ssp245"
"41","ssp245",2060,"Tgav",2.40852791643029,"degC","co2",2.42507547456958,0.001654755813929,"HECTOR 2.5","","co2
HECTOR 2.5
ssp245"
"42","ssp245",2061,"Tgav",2.42359444227603,"degC","co2",2.44007269099808,0.00164782487220498,"HECTOR 2.5","","co2
HECTOR 2.5
ssp245"
"43","ssp245",2062,"Tgav",2.43812018574924,"degC","co2",2.45452785201063,0.00164076662613901,"HECTOR 2.5","","co2
HECTOR 2.5
ssp245"
"44","ssp245",2063,"Tgav",2.45218604336902,"degC","co2",2.46852226075987,0.00163362173908497,"HECTOR 2.5","","co2
HECTOR 2.5
ssp245"
"45","ssp245",2064,"Tgav",2.46584229546604,"degC","co2",2.48210655109126,0.00162642556252202,"HECTOR 2.5","","co2
HECTOR 2.5
ssp245"
"46","ssp245",2065,"Tgav",2.47912286410556,"degC","co2",2.49531495236224,0.00161920882566804,"HECTOR 2.5","","co2
HECTOR 2.5
ssp245"
"47","ssp245",2066,"Tgav",2.49205197669943,"degC","co2",2.50817195829889,0.00161199815994602,"HECTOR 2.5","","co2
HECTOR 2.5
ssp245"
"48","ssp245",2067,"Tgav",2.5046476734172,"degC","co2",2.52069583925512,0.00160481658379199,"HECTOR 2.5","","co2
HECTOR 2.5
ssp245"
"49","ssp245",2068,"Tgav",2.51692379526811,"degC","co2",2.53290063489416,0.00159768396260502,"HECTOR 2.5","","co2
HECTOR 2.5
ssp245"
"50","ssp245",2069,"Tgav",2.52889123641363,"degC","co2",2.5447974104451,0.00159061740314703,"HECTOR 2.5","","co2
HECTOR 2.5
ssp245"
"51","ssp245",2070,"Tgav",2.5405587766841,"degC","co2",2.55639509261093,0.00158363159268298,"HECTOR 2.5","","co2
HECTOR 2.5
ssp245"
"52","ssp245",2071,"Tgav",2.55193084218461,"degC","co2",2.56769823313666,0.00157673909520497,"HECTOR 2.5","","co2
HECTOR 2.5
ssp245"
"53","ssp245",2072,"Tgav",2.5629852694854,"degC","co2",2.57868487534387,0.00156996058584697,"HECTOR 2.5","","co2
HECTOR 2.5
ssp245"
"54","ssp245",2073,"Tgav",2.5736855764393,"degC","co2",2.58931879480717,0.00156332183678698,"HECTOR 2.5","","co2
HECTOR 2.5
ssp245"
"55","ssp245",2074,"Tgav",2.58400632584425,"degC","co2",2.59957473953905,0.00155684136948002,"HECTOR 2.5","","co2
HECTOR 2.5
ssp245"
"56","ssp245",2075,"Tgav",2.59393114761229,"degC","co2",2.6094364675074,0.00155053198951101,"HECTOR 2.5","","co2
HECTOR 2.5
ssp245"
"57","ssp245",2076,"Tgav",2.6034490713788,"degC","co2",2.61889947570556,0.001545040432676,"HECTOR 2.5","","co2
HECTOR 2.5
ssp245"
"58","ssp245",2077,"Tgav",2.6125594004894,"degC","co2",2.62794607497466,0.001538667448526,"HECTOR 2.5","","co2
HECTOR 2.5
ssp245"
"59","ssp245",2078,"Tgav",2.62124635993491,"degC","co2",2.63657754380763,0.00153311838727199,"HECTOR 2.5","","co2
HECTOR 2.5
ssp245"
"60","ssp245",2079,"Tgav",2.62951262907083,"degC","co2",2.64478866482509,0.00152760357542596,"HECTOR 2.5","","co2
HECTOR 2.5
ssp245"
"61","ssp245",2080,"Tgav",2.63735436006743,"degC","co2",2.65257686339838,0.00152225033309503,"HECTOR 2.5","","co2
HECTOR 2.5
ssp245"
"62","ssp245",2081,"Tgav",2.64494393497431,"degC","co2",2.66011534741893,0.00151714124446198,"HECTOR 2.5","","co2
HECTOR 2.5
ssp245"
"63","ssp245",2082,"Tgav",2.65226255494903,"degC","co2",2.66738452660303,0.00151219716539996,"HECTOR 2.5","","co2
HECTOR 2.5
ssp245"
"64","ssp245",2083,"Tgav",2.65926533329418,"degC","co2",2.67434006365845,0.00150747303642702,"HECTOR 2.5","","co2
HECTOR 2.5
ssp245"
"65","ssp245",2084,"Tgav",2.66592322092906,"degC","co2",2.68095282541201,0.00150296044829497,"HECTOR 2.5","","co2
HECTOR 2.5
ssp245"
"66","ssp245",2085,"Tgav",2.67221637645059,"degC","co2",2.68720299579692,0.00149866193463302,"HECTOR 2.5","","co2
HECTOR 2.5
ssp245"
"67","ssp245",2086,"Tgav",2.67813044204545,"degC","co2",2.69307626647096,0.00149458244255101,"HECTOR 2.5","","co2
HECTOR 2.5
ssp245"
"68","ssp245",2087,"Tgav",2.6836549453651,"degC","co2",2.69856214201787,0.00149071966527696,"HECTOR 2.5","","co2
HECTOR 2.5
ssp245"
"69","ssp245",2088,"Tgav",2.68878228596277,"degC","co2",2.7036530253199,0.00148707393571299,"HECTOR 2.5","","co2
HECTOR 2.5
ssp245"
"70","ssp245",2089,"Tgav",2.6935064584635,"degC","co2",2.70834289667121,0.00148364382077104,"HECTOR 2.5","","co2
HECTOR 2.5
ssp245"
"71","ssp245",2090,"Tgav",2.69782222343329,"degC","co2",2.71262650059714,0.00148042771638499,"HECTOR 2.5","","co2
HECTOR 2.5
ssp245"
"72","ssp245",2091,"Tgav",2.70163327433091,"degC","co2",2.71640751476009,0.00147742404291797,"HECTOR 2.5","","co2
HECTOR 2.5
ssp245"
"73","ssp245",2092,"Tgav",2.70497127753686,"degC","co2",2.71971748990162,0.00147462123647597,"HECTOR 2.5","","co2
HECTOR 2.5
ssp245"
"74","ssp245",2093,"Tgav",2.70789248886669,"degC","co2",2.7226124973351,0.001472000846841,"HECTOR 2.5","","co2
HECTOR 2.5
ssp245"
"75","ssp245",2094,"Tgav",2.71043533621212,"degC","co2",2.7251308342688,0.001469549805668,"HECTOR 2.5","","co2
HECTOR 2.5
ssp245"
"76","ssp245",2095,"Tgav",2.71262545389576,"degC","co2",2.72729804043427,0.00146725865385098,"HECTOR 2.5","","co2
HECTOR 2.5
ssp245"
"77","ssp245",2096,"Tgav",2.71448071871698,"degC","co2",2.72915770104579,0.001467698232881,"HECTOR 2.5","","co2
HECTOR 2.5
ssp245"
"78","ssp245",2097,"Tgav",2.71603960678375,"degC","co2",2.73068872082905,0.00146491140453002,"HECTOR 2.5","","co2
HECTOR 2.5
ssp245"
"79","ssp245",2098,"Tgav",2.71727819500461,"degC","co2",2.73189688399912,0.00146186889945099,"HECTOR 2.5","","co2
HECTOR 2.5
ssp245"
"80","ssp245",2099,"Tgav",2.71819962623414,"degC","co2",2.73279896373303,0.00145993374988902,"HECTOR 2.5","","co2
HECTOR 2.5
ssp245"
"81","ssp245",2100,"Tgav",2.7188186785733,"degC","co2",2.73339937696842,0.001458069839512,"HECTOR 2.5","","co2
HECTOR 2.5
ssp245"
"82","ssp245",2101,"Tgav",2.71920695310318,"degC","co2",2.73376796406986,0.00145610109666796,"HECTOR 2.5","","co2
HECTOR 2.5
ssp245"
"83","ssp245",2102,"Tgav",2.71938731470693,"degC","co2",2.73393335605559,0.00145460413486598,"HECTOR 2.5","","co2
HECTOR 2.5
ssp245"
"84","ssp245",2103,"Tgav",2.7194174419481,"degC","co2",2.73395163564766,0.00145341936995602,"HECTOR 2.5","","co2
HECTOR 2.5
ssp245"
"85","ssp245",2104,"Tgav",2.71934413952005,"degC","co2",2.73386488232182,0.001452074280177,"HECTOR 2.5","","co2
HECTOR 2.5
ssp245"
"86","ssp245",2105,"Tgav",2.71919900852614,"degC","co2",2.73370599723259,0.001450698870645,"HECTOR 2.5","","co2
HECTOR 2.5
ssp245"
"87","ssp245",2106,"Tgav",2.71900771975586,"degC","co2",2.73350331652674,0.001449559677088,"HECTOR 2.5","","co2
HECTOR 2.5
ssp245"
"88","ssp245",2107,"Tgav",2.7187930249968,"degC","co2",2.73327789624194,0.001448487124514,"HECTOR 2.5","","co2
HECTOR 2.5
ssp245"
"89","ssp245",2108,"Tgav",2.71857230811599,"degC","co2",2.73304526541894,0.00144729573029498,"HECTOR 2.5","","co2
HECTOR 2.5
ssp245"
"90","ssp245",2109,"Tgav",2.71835839216765,"degC","co2",2.73281956557095,0.00144611734033,"HECTOR 2.5","","co2
HECTOR 2.5
ssp245"
"91","ssp245",2110,"Tgav",2.71816273519957,"degC","co2",2.73261321791738,0.00144504827178098,"HECTOR 2.5","","co2
HECTOR 2.5
ssp245"
"92","ssp245",2111,"Tgav",2.71799556616735,"degC","co2",2.7324352599034,0.00144396937360498,"HECTOR 2.5","","co2
HECTOR 2.5
ssp245"
"93","ssp245",2112,"Tgav",2.71786457719096,"degC","co2",2.732292811165,0.00144282339740398,"HECTOR 2.5","","co2
HECTOR 2.5
ssp245"
"94","ssp245",2113,"Tgav",2.71777576802603,"degC","co2",2.73219274460775,0.00144169765817201,"HECTOR 2.5","","co2
HECTOR 2.5
ssp245"
"95","ssp245",2114,"Tgav",2.71773476848652,"degC","co2",2.73214091285806,0.00144061443715402,"HECTOR 2.5","","co2
HECTOR 2.5
ssp245"
"96","ssp245",2115,"Tgav",2.71774643600883,"degC","co2",2.73214148586912,0.00143950498602901,"HECTOR 2.5","","co2
HECTOR 2.5
ssp245"
"97","ssp245",2116,"Tgav",2.71781443932524,"degC","co2",2.73219805560682,0.001438361628158,"HECTOR 2.5","","co2
HECTOR 2.5
ssp245"
"98","ssp245",2117,"Tgav",2.71794190188144,"degC","co2",2.73231422536345,0.00143723234820099,"HECTOR 2.5","","co2
HECTOR 2.5
ssp245"
"99","ssp245",2118,"Tgav",2.71813170179051,"degC","co2",2.73249284049776,0.00143611387072502,"HECTOR 2.5","","co2
HECTOR 2.5
ssp245"
"100","ssp245",2119,"Tgav",2.71838605913677,"degC","co2",2.73273577790103,0.00143497187642603,"HECTOR 2.5","","co2
HECTOR 2.5
ssp245"
"101","ssp245",2120,"Tgav",2.71870642367763,"degC","co2",2.73304455913683,0.00143381354592003,"HECTOR 2.5","","co2
HECTOR 2.5
ssp245"
"102","ssp245",2121,"Tgav",2.71909390242437,"degC","co2",2.73342052262135,0.00143266201969801,"HECTOR 2.5","","co2
HECTOR 2.5
ssp245"
"103","ssp245",2122,"Tgav",2.71954943013553,"degC","co2",2.73386451874039,0.00143150886048597,"HECTOR 2.5","","co2
HECTOR 2.5
ssp245"
"104","ssp245",2123,"Tgav",2.72007355055414,"degC","co2",2.73437694436223,0.00143033938080901,"HECTOR 2.5","","co2
HECTOR 2.5
ssp245"
"105","ssp245",2124,"Tgav",2.72066647931044,"degC","co2",2.73495810307353,0.00142916237630901,"HECTOR 2.5","","co2
HECTOR 2.5
ssp245"
"106","ssp245",2125,"Tgav",2.72132829039637,"degC","co2",2.73560816626766,0.00142798758712903,"HECTOR 2.5","","co2
HECTOR 2.5
ssp245"
"107","ssp245",2126,"Tgav",2.72205889119711,"degC","co2",2.73632697187979,0.001426808068268,"HECTOR 2.5","","co2
HECTOR 2.5
ssp245"
"108","ssp245",2127,"Tgav",2.72285793951711,"degC","co2",2.73711412809655,0.00142561885794397,"HECTOR 2.5","","co2
HECTOR 2.5
ssp245"
"109","ssp245",2128,"Tgav",2.72372490132748,"degC","co2",2.73796916708766,0.00142442657601798,"HECTOR 2.5","","co2
HECTOR 2.5
ssp245"
"110","ssp245",2129,"Tgav",2.72465915797201,"degC","co2",2.73889150478092,0.00142323468089098,"HECTOR 2.5","","co2
HECTOR 2.5
ssp245"
"111","ssp245",2130,"Tgav",2.72565999245518,"degC","co2",2.73988038184252,0.001422038938734,"HECTOR 2.5","","co2
HECTOR 2.5
ssp245"
"112","ssp245",2131,"Tgav",2.72672655487834,"degC","co2",2.74093494058187,0.001420838570353,"HECTOR 2.5","","co2
HECTOR 2.5
ssp245"
"113","ssp245",2132,"Tgav",2.72785792531484,"degC","co2",2.74205430234702,0.00141963770321798,"HECTOR 2.5","","co2
HECTOR 2.5
ssp245"
"114","ssp245",2133,"Tgav",2.72905318452398,"degC","co2",2.74323755673436,0.001418437221038,"HECTOR 2.5","","co2
HECTOR 2.5
ssp245"
"115","ssp245",2134,"Tgav",2.73031134709039,"degC","co2",2.74448369735315,0.001417235026276,"HECTOR 2.5","","co2
HECTOR 2.5
ssp245"
"116","ssp245",2135,"Tgav",2.73163130374542,"degC","co2",2.7457916216014,0.00141603178559797,"HECTOR 2.5","","co2
HECTOR 2.5
ssp245"
"117","ssp245",2136,"Tgav",2.7330118634505,"degC","co2",2.74716016174044,0.00141482982899404,"HECTOR 2.5","","co2
HECTOR 2.5
ssp245"
"118","ssp245",2137,"Tgav",2.7344517952622,"degC","co2",2.74858808773709,0.00141362924748898,"HECTOR 2.5","","co2
HECTOR 2.5
ssp245"
"119","ssp245",2138,"Tgav",2.73594981985258,"degC","co2",2.75007411283052,0.00141242929779404,"HECTOR 2.5","","co2
HECTOR 2.5
ssp245"
"120","ssp245",2139,"Tgav",2.73750462328228,"degC","co2",2.75161693260361,0.00141123093213302,"HECTOR 2.5","","co2
HECTOR 2.5
ssp245"
"121","ssp245",2140,"Tgav",2.73911488134926,"degC","co2",2.75321523517643,0.00141003538271698,"HECTOR 2.5","","co2
HECTOR 2.5
ssp245"
"122","ssp245",2141,"Tgav",2.7407792755127,"degC","co2",2.75486770144693,0.00140884259342298,"HECTOR 2.5","","co2
HECTOR 2.5
ssp245"
"123","ssp245",2142,"Tgav",2.74249647473665,"degC","co2",2.75657299960674,0.00140765248700898,"HECTOR 2.5","","co2
HECTOR 2.5
ssp245"
"124","ssp245",2143,"Tgav",2.74426514580223,"degC","co2",2.75832980443126,0.00140646586290303,"HECTOR 2.5","","co2
HECTOR 2.5
ssp245"
"125","ssp245",2144,"Tgav",2.74608396390289,"degC","co2",2.76013679738412,0.00140528334812302,"HECTOR 2.5","","co2
HECTOR 2.5
ssp245"
"126","ssp245",2145,"Tgav",2.74795160878815,"degC","co2",2.76199265817545,0.00140410493872998,"HECTOR 2.5","","co2
HECTOR 2.5
ssp245"
"127","ssp245",2146,"Tgav",2.74986677483343,"degC","co2",2.7638960830379,0.00140293082044702,"HECTOR 2.5","","co2
HECTOR 2.5
ssp245"
"128","ssp245",2147,"Tgav",2.75182817013986,"degC","co2",2.76584578568999,0.00140176155501299,"HECTOR 2.5","","co2
HECTOR 2.5
ssp245"
"129","ssp245",2148,"Tgav",2.75383449517956,"degC","co2",2.76784046989004,0.00140059747104799,"HECTOR 2.5","","co2
HECTOR 2.5
ssp245"
"130","ssp245",2149,"Tgav",2.75588441543886,"degC","co2",2.76987880193028,0.00139943864914196,"HECTOR 2.5","","co2
HECTOR 2.5
ssp245"
"131","ssp245",2150,"Tgav",2.75797657141092,"degC","co2",2.77195942501548,0.00139828536045599,"HECTOR 2.5","","co2
HECTOR 2.5
ssp245"
"132","ssp245",2151,"Tgav",2.76010962653784,"degC","co2",2.77408100644861,0.00139713799107697,"HECTOR 2.5","","co2
HECTOR 2.5
ssp245"
"133","ssp245",2152,"Tgav",2.76227216517618,"degC","co2",2.77623217144209,0.001396000626591,"HECTOR 2.5","","co2
HECTOR 2.5
ssp245"
"134","ssp245",2153,"Tgav",2.76444532276561,"degC","co2",2.77839412275151,0.00139487999858998,"HECTOR 2.5","","co2
HECTOR 2.5
ssp245"
"135","ssp245",2154,"Tgav",2.76661492422994,"degC","co2",2.78055273066555,0.00139378064356102,"HECTOR 2.5","","co2
HECTOR 2.5
ssp245"
"136","ssp245",2155,"Tgav",2.76877068425433,"degC","co2",2.78269773924694,0.00139270549926098,"HECTOR 2.5","","co2
HECTOR 2.5
ssp245"
"137","ssp245",2156,"Tgav",2.77090489588463,"degC","co2",2.78482146292052,0.00139165670358903,"HECTOR 2.5","","co2
HECTOR 2.5
ssp245"
"138","ssp245",2157,"Tgav",2.77301173185981,"degC","co2",2.78691808894906,0.00139063570892501,"HECTOR 2.5","","co2
HECTOR 2.5
ssp245"
"139","ssp245",2158,"Tgav",2.77508655702079,"degC","co2",2.78898299075558,0.00138964337347902,"HECTOR 2.5","","co2
HECTOR 2.5
ssp245"
"140","ssp245",2159,"Tgav",2.77712555418391,"degC","co2",2.79101235732372,0.00138868031398101,"HECTOR 2.5","","co2
HECTOR 2.5
ssp245"
"141","ssp245",2160,"Tgav",2.77912563604507,"degC","co2",2.79300310628099,0.00138774702359199,"HECTOR 2.5","","co2
HECTOR 2.5
ssp245"
"142","ssp245",2161,"Tgav",2.78108429715566,"degC","co2",2.7949527339989,0.00138684368432402,"HECTOR 2.5","","co2
HECTOR 2.5
ssp245"
"143","ssp245",2162,"Tgav",2.78299939888968,"degC","co2",2.79685910125121,0.00138597023615299,"HECTOR 2.5","","co2
HECTOR 2.5
ssp245"
"144","ssp245",2163,"Tgav",2.78486910884534,"degC","co2",2.79872037519789,0.00138512663525501,"HECTOR 2.5","","co2
HECTOR 2.5
ssp245"
"145","ssp245",2164,"Tgav",2.78669194330985,"degC","co2",2.80053507128501,0.00138431279751599,"HECTOR 2.5","","co2
HECTOR 2.5
ssp245"
"146","ssp245",2165,"Tgav",2.78846676827865,"degC","co2",2.80230205240321,0.00138352841245597,"HECTOR 2.5","","co2
HECTOR 2.5
ssp245"
"147","ssp245",2166,"Tgav",2.79019270297122,"degC","co2",2.80402043362812,0.00138277306568999,"HECTOR 2.5","","co2
HECTOR 2.5
ssp245"
"148","ssp245",2167,"Tgav",2.79186929964017,"degC","co2",2.80568976302018,0.00138204633800099,"HECTOR 2.5","","co2
HECTOR 2.5
ssp245"
"149","ssp245",2168,"Tgav",2.79349658877271,"degC","co2",2.80731006568973,0.001381347691702,"HECTOR 2.5","","co2
HECTOR 2.5
ssp245"
"150","ssp245",2169,"Tgav",2.79507467737597,"degC","co2",2.80888144231132,0.00138067649353499,"HECTOR 2.5","","co2
HECTOR 2.5
ssp245"
"151","ssp245",2170,"Tgav",2.79660345413233,"degC","co2",2.81040377615419,0.00138003220218597,"HECTOR 2.5","","co2
HECTOR 2.5
ssp245"
"152","ssp245",2171,"Tgav",2.79808261129682,"degC","co2",2.81187675531179,0.001379414401497,"HECTOR 2.5","","co2
HECTOR 2.5
ssp245"
"153","ssp245",2172,"Tgav",2.79951186687598,"degC","co2",2.8133000932399,0.001378822636392,"HECTOR 2.5","","co2
HECTOR 2.5
ssp245"
"154","ssp245",2173,"Tgav",2.80089101859284,"degC","co2",2.81467358249413,0.00137825639012896,"HECTOR 2.5","","co2
HECTOR 2.5
ssp245"
"155","ssp245",2174,"Tgav",2.802219803007,"degC","co2",2.81599695512545,0.001377715211845,"HECTOR 2.5","","co2
HECTOR 2.5
ssp245"
"156","ssp245",2175,"Tgav",2.80349782951138,"degC","co2",2.81726981674262,0.00137719872312396,"HECTOR 2.5","","co2
HECTOR 2.5
ssp245"
"157","ssp245",2176,"Tgav",2.8047246358795,"degC","co2",2.81849170121929,0.00137670653397901,"HECTOR 2.5","","co2
HECTOR 2.5
ssp245"
"158","ssp245",2177,"Tgav",2.80589977144852,"degC","co2",2.81966215388407,0.00137623824355502,"HECTOR 2.5","","co2
HECTOR 2.5
ssp245"
"159","ssp245",2178,"Tgav",2.80702288436111,"degC","co2",2.8207808190203,0.00137579346591901,"HECTOR 2.5","","co2
HECTOR 2.5
ssp245"
"160","ssp245",2179,"Tgav",2.80809373783601,"degC","co2",2.82184745582943,0.00137537179934202,"HECTOR 2.5","","co2
HECTOR 2.5
ssp245"
"161","ssp245",2180,"Tgav",2.80911210857004,"degC","co2",2.82286183682475,0.00137497282547101,"HECTOR 2.5","","co2
HECTOR 2.5
ssp245"
"162","ssp245",2181,"Tgav",2.81007769032172,"degC","co2",2.82382365196051,0.00137459616387901,"HECTOR 2.5","","co2
HECTOR 2.5
ssp245"
"163","ssp245",2182,"Tgav",2.81099014031232,"degC","co2",2.82473255503523,0.00137424147229099,"HECTOR 2.5","","co2
HECTOR 2.5
ssp245"
"164","ssp245",2183,"Tgav",2.81184912553624,"degC","co2",2.82558820959792,0.001373908406168,"HECTOR 2.5","","co2
HECTOR 2.5
ssp245"
"165","ssp245",2184,"Tgav",2.81265430373681,"degC","co2",2.82639026994016,0.00137359662033498,"HECTOR 2.5","","co2
HECTOR 2.5
ssp245"
"166","ssp245",2185,"Tgav",2.81340535845479,"degC","co2",2.8271384162795,0.00137330578247101,"HECTOR 2.5","","co2
HECTOR 2.5
ssp245"
"167","ssp245",2186,"Tgav",2.81410233674225,"degC","co2",2.82783269153821,0.001373035479596,"HECTOR 2.5","","co2
HECTOR 2.5
ssp245"
"168","ssp245",2187,"Tgav",2.81474563899539,"degC","co2",2.82847349109294,0.00137278520975497,"HECTOR 2.5","","co2
HECTOR 2.5
ssp245"
"169","ssp245",2188,"Tgav",2.8153355321904,"degC","co2",2.82906107746467,0.00137255452742702,"HECTOR 2.5","","co2
HECTOR 2.5
ssp245"
"170","ssp245",2189,"Tgav",2.81587198507421,"degC","co2",2.8295954159923,0.00137234309180898,"HECTOR 2.5","","co2
HECTOR 2.5
ssp245"
"171","ssp245",2190,"Tgav",2.81635476426379,"degC","co2",2.83007627042585,0.00137215061620601,"HECTOR 2.5","","co2
HECTOR 2.5
ssp245"
"172","ssp245",2191,"Tgav",2.81678353353008,"degC","co2",2.83050330187977,0.00137197683496897,"HECTOR 2.5","","co2
HECTOR 2.5
ssp245"
"173","ssp245",2192,"Tgav",2.81715789565646,"degC","co2",2.8308761107769,0.001371821512044,"HECTOR 2.5","","co2
HECTOR 2.5
ssp245"
"174","ssp245",2193,"Tgav",2.81747742828686,"degC","co2",2.83119427260496,0.00137168443180999,"HECTOR 2.5","","co2
HECTOR 2.5
ssp245"
"175","ssp245",2194,"Tgav",2.81774171320269,"degC","co2",2.83145736696529,0.00137156537626,"HECTOR 2.5","","co2
HECTOR 2.5
ssp245"
"176","ssp245",2195,"Tgav",2.81795083075324,"degC","co2",2.83166547072901,0.00137146399757699,"HECTOR 2.5","","co2
HECTOR 2.5
ssp245"
"177","ssp245",2196,"Tgav",2.81810545474087,"degC","co2",2.83181925285873,0.00137137981178599,"HECTOR 2.5","","co2
HECTOR 2.5
ssp245"
"178","ssp245",2197,"Tgav",2.81820615389763,"degC","co2",2.83191927781224,0.00137131239146098,"HECTOR 2.5","","co2
HECTOR 2.5
ssp245"
"179","ssp245",2198,"Tgav",2.81825304820637,"degC","co2",2.83196566263929,0.001371261443292,"HECTOR 2.5","","co2
HECTOR 2.5
ssp245"
"180","ssp245",2199,"Tgav",2.81824587528103,"degC","co2",2.83195814301531,0.001371226773428,"HECTOR 2.5","","co2
HECTOR 2.5
ssp245"
"181","ssp245",2200,"Tgav",2.81818415578479,"degC","co2",2.83189623820761,0.00137120824228201,"HECTOR 2.5","","co2
HECTOR 2.5
ssp245"
"182","ssp245",2201,"Tgav",2.81806734783487,"degC","co2",2.8317794051553,0.00137120573204301,"HECTOR 2.5","","co2
HECTOR 2.5
ssp245"
"183","ssp245",2202,"Tgav",2.81789489022705,"degC","co2",2.83160708157591,0.00137121913488598,"HECTOR 2.5","","co2
HECTOR 2.5
ssp245"
"184","ssp245",2203,"Tgav",2.81766619208955,"degC","co2",2.83137867560351,0.00137124835139599,"HECTOR 2.5","","co2
HECTOR 2.5
ssp245"
"185","ssp245",2204,"Tgav",2.81738066447658,"degC","co2",2.83109359734821,0.00137129328716301,"HECTOR 2.5","","co2
HECTOR 2.5
ssp245"
"186","ssp245",2205,"Tgav",2.81703775340641,"degC","co2",2.83075129188952,0.00137135384831097,"HECTOR 2.5","","co2
HECTOR 2.5
ssp245"
"187","ssp245",2206,"Tgav",2.81663697163124,"degC","co2",2.8303512709072,0.00137142992759602,"HECTOR 2.5","","co2
HECTOR 2.5
ssp245"
"188","ssp245",2207,"Tgav",2.81617790514992,"degC","co2",2.829893119159,0.00137152140090802,"HECTOR 2.5","","co2
HECTOR 2.5
ssp245"
"189","ssp245",2208,"Tgav",2.81566018941491,"degC","co2",2.8293764708167,0.00137162814017904,"HECTOR 2.5","","co2
HECTOR 2.5
ssp245"
"190","ssp245",2209,"Tgav",2.8150835301329,"degC","co2",2.82880103021735,0.00137175000844501,"HECTOR 2.5","","co2
HECTOR 2.5
ssp245"
"191","ssp245",2210,"Tgav",2.81444775083827,"degC","co2",2.82816661925381,0.00137188684155398,"HECTOR 2.5","","co2
HECTOR 2.5
ssp245"
"192","ssp245",2211,"Tgav",2.813752757699,"degC","co2",2.82747314229314,0.00137203845941398,"HECTOR 2.5","","co2
HECTOR 2.5
ssp245"
"193","ssp245",2212,"Tgav",2.81299848632384,"degC","co2",2.82672053317943,0.00137220468555896,"HECTOR 2.5","","co2
HECTOR 2.5
ssp245"
"194","ssp245",2213,"Tgav",2.81218487202292,"degC","co2",2.82590872554292,0.00137238535200002,"HECTOR 2.5","","co2
HECTOR 2.5
ssp245"
"195","ssp245",2214,"Tgav",2.8113118404014,"degC","co2",2.82503764336676,0.001372580296536,"HECTOR 2.5","","co2
HECTOR 2.5
ssp245"
"196","ssp245",2215,"Tgav",2.81037930953044,"degC","co2",2.82410720317471,0.001372789364427,"HECTOR 2.5","","co2
HECTOR 2.5
ssp245"
"197","ssp245",2216,"Tgav",2.80938720134226,"degC","co2",2.82311732542184,0.00137301240795802,"HECTOR 2.5","","co2
HECTOR 2.5
ssp245"
"198","ssp245",2217,"Tgav",2.80833543171023,"degC","co2",2.82206792457127,0.00137324928610401,"HECTOR 2.5","","co2
HECTOR 2.5
ssp245"
"199","ssp245",2218,"Tgav",2.80722391912616,"degC","co2",2.82095891773185,0.00137349986056901,"HECTOR 2.5","","co2
HECTOR 2.5
ssp245"
"200","ssp245",2219,"Tgav",2.80605253151133,"degC","co2",2.81979017163978,0.00137376401284501,"HECTOR 2.5","","co2
HECTOR 2.5
ssp245"
"201","ssp245",2220,"Tgav",2.80482109822644,"degC","co2",2.81856151463283,0.00137404164063901,"HECTOR 2.5","","co2
HECTOR 2.5
ssp245"
"202","ssp245",2221,"Tgav",2.80352942983151,"degC","co2",2.81727275632186,0.00137433264903497,"HECTOR 2.5","","co2
HECTOR 2.5
ssp245"
"203","ssp245",2222,"Tgav",2.8021773270655,"degC","co2",2.81592369655041,0.001374636948491,"HECTOR 2.5","","co2
HECTOR 2.5
ssp245"
"204","ssp245",2223,"Tgav",2.80076458581312,"degC","co2",2.81451413037571,0.00137495445625904,"HECTOR 2.5","","co2
HECTOR 2.5
ssp245"
"205","ssp245",2224,"Tgav",2.79929099995433,"degC","co2",2.81304385090126,0.001375285094693,"HECTOR 2.5","","co2
HECTOR 2.5
ssp245"
"206","ssp245",2225,"Tgav",2.7977563736299,"degC","co2",2.81151266148855,0.00137562878586501,"HECTOR 2.5","","co2
HECTOR 2.5
ssp245"
"207","ssp245",2226,"Tgav",2.79616052870221,"degC","co2",2.80992038307134,0.001375985436913,"HECTOR 2.5","","co2
HECTOR 2.5
ssp245"
"208","ssp245",2227,"Tgav",2.79450330748984,"degC","co2",2.80826685654852,0.00137635490586798,"HECTOR 2.5","","co2
HECTOR 2.5
ssp245"
"209","ssp245",2228,"Tgav",2.79278457299368,"degC","co2",2.80655194256685,0.00137673695731699,"HECTOR 2.5","","co2
HECTOR 2.5
ssp245"
"210","ssp245",2229,"Tgav",2.79100420758608,"degC","co2",2.80477551978535,0.00137713121992702,"HECTOR 2.5","","co2
HECTOR 2.5
ssp245"
"211","ssp245",2230,"Tgav",2.78916211145176,"degC","co2",2.80293748295637,0.00137753715046101,"HECTOR 2.5","","co2
HECTOR 2.5
ssp245"
"212","ssp245",2231,"Tgav",2.78725820126797,"degC","co2",2.80103774129091,0.00137795400229401,"HECTOR 2.5","","co2
HECTOR 2.5
ssp245"
"213","ssp245",2232,"Tgav",2.78529240873826,"degC","co2",2.79907621671859,0.00137838079803303,"HECTOR 2.5","","co2
HECTOR 2.5
ssp245"
"214","ssp245",2233,"Tgav",2.78326467901806,"degC","co2",2.79705284210117,0.001378816308311,"HECTOR 2.5","","co2
HECTOR 2.5
ssp245"
"215","ssp245",2234,"Tgav",2.78117496940969,"degC","co2",2.79496755976899,0.00137925903593001,"HECTOR 2.5","","co2
HECTOR 2.5
ssp245"
"216","ssp245",2235,"Tgav",2.77902324440729,"degC","co2",2.79282031644714,0.00137970720398499,"HECTOR 2.5","","co2
HECTOR 2.5
ssp245"
"217","ssp245",2236,"Tgav",2.77680947248489,"degC","co2",2.79061106021289,0.0013801587728,"HECTOR 2.5","","co2
HECTOR 2.5
ssp245"
"218","ssp245",2237,"Tgav",2.77453362491544,"degC","co2",2.78833973991121,0.001380611499577,"HECTOR 2.5","","co2
HECTOR 2.5
ssp245"
"219","ssp245",2238,"Tgav",2.77219567557193,"degC","co2",2.78600630572881,0.00138106301568799,"HECTOR 2.5","","co2
HECTOR 2.5
ssp245"
"220","ssp245",2239,"Tgav",2.76979560117039,"degC","co2",2.78361071014294,0.00138151089725498,"HECTOR 2.5","","co2
HECTOR 2.5
ssp245"
"221","ssp245",2240,"Tgav",2.76733338141455,"degC","co2",2.78115290885201,0.00138195274374602,"HECTOR 2.5","","co2
HECTOR 2.5
ssp245"
"222","ssp245",2241,"Tgav",2.76480899914981,"degC","co2",2.77863286159649,0.00138238624466802,"HECTOR 2.5","","co2
HECTOR 2.5
ssp245"
"223","ssp245",2242,"Tgav",2.76222244055517,"degC","co2",2.77605053287739,0.00138280923222198,"HECTOR 2.5","","co2
HECTOR 2.5
ssp245"
"224","ssp245",2243,"Tgav",2.75957369527645,"degC","co2",2.77340589252725,0.00138321972508,"HECTOR 2.5","","co2
HECTOR 2.5
ssp245"
"225","ssp245",2244,"Tgav",2.75686275646123,"degC","co2",2.77069891611623,0.00138361596549998,"HECTOR 2.5","","co2
HECTOR 2.5
ssp245"
"226","ssp245",2245,"Tgav",2.75408962050902,"degC","co2",2.76792958501361,0.00138399645045899,"HECTOR 2.5","","co2
HECTOR 2.5
ssp245"
"227","ssp245",2246,"Tgav",2.7512542870089,"degC","co2",2.76509788645489,0.00138435994459898,"HECTOR 2.5","","co2
HECTOR 2.5
ssp245"
"228","ssp245",2247,"Tgav",2.7483567588855,"degC","co2",2.76220381357948,0.00138470546939802,"HECTOR 2.5","","co2
HECTOR 2.5
ssp245"
"229","ssp245",2248,"Tgav",2.74539704259638,"degC","co2",2.75924736540284,0.00138503228064604,"HECTOR 2.5","","co2
HECTOR 2.5
ssp245"
"230","ssp245",2249,"Tgav",2.74237514831862,"degC","co2",2.75622854674564,0.00138533984270199,"HECTOR 2.5","","co2
HECTOR 2.5
ssp245"
"231","ssp245",2250,"Tgav",2.73929109009265,"degC","co2",2.75314736812322,0.00138562780305702,"HECTOR 2.5","","co2
HECTOR 2.5
ssp245"
"232","ssp245",2251,"Tgav",2.73608266124537,"degC","co2",2.74994162093399,0.00138589596886201,"HECTOR 2.5","","co2
HECTOR 2.5
ssp245"
"233","ssp245",2252,"Tgav",2.73278951862696,"degC","co2",2.74665094236039,0.001386142373343,"HECTOR 2.5","","co2
HECTOR 2.5
ssp245"
"234","ssp245",2253,"Tgav",2.72945341979485,"degC","co2",2.74331705774753,0.00138636379526802,"HECTOR 2.5","","co2
HECTOR 2.5
ssp245"
"235","ssp245",2254,"Tgav",2.72610031569564,"degC","co2",2.739965897925,0.00138655822293599,"HECTOR 2.5","","co2
HECTOR 2.5
ssp245"
"236","ssp245",2255,"Tgav",2.7227467665144,"degC","co2",2.73661401114795,0.00138672446335502,"HECTOR 2.5","","co2
HECTOR 2.5
ssp245"
"237","ssp245",2256,"Tgav",2.71940355163433,"degC","co2",2.73327216854402,0.001386861690969,"HECTOR 2.5","","co2
HECTOR 2.5
ssp245"
"238","ssp245",2257,"Tgav",2.71607766108747,"degC","co2",2.72994735576304,0.00138696946755701,"HECTOR 2.5","","co2
HECTOR 2.5
ssp245"
"239","ssp245",2258,"Tgav",2.71277361209431,"degC","co2",2.72664408928505,0.00138704771907401,"HECTOR 2.5","","co2
HECTOR 2.5
ssp245"
"240","ssp245",2259,"Tgav",2.7094942416622,"degC","co2",2.72336520675029,0.00138709650880902,"HECTOR 2.5","","co2
HECTOR 2.5
ssp245"
"241","ssp245",2260,"Tgav",2.70624115601347,"degC","co2",2.72011231578273,0.001387115976926,"HECTOR 2.5","","co2
HECTOR 2.5
ssp245"
"242","ssp245",2261,"Tgav",2.70301508559069,"degC","co2",2.71688615023376,0.001387106464307,"HECTOR 2.5","","co2
HECTOR 2.5
ssp245"
"243","ssp245",2262,"Tgav",2.69981617689768,"degC","co2",2.7136868615146,0.00138706846169203,"HECTOR 2.5","","co2
HECTOR 2.5
ssp245"
"244","ssp245",2263,"Tgav",2.69664415780041,"degC","co2",2.71051418236597,0.00138700245655601,"HECTOR 2.5","","co2
HECTOR 2.5
ssp245"
"245","ssp245",2264,"Tgav",2.6934984360699,"degC","co2",2.70736752577188,0.00138690897019798,"HECTOR 2.5","","co2
HECTOR 2.5
ssp245"
"246","ssp245",2265,"Tgav",2.69037820859733,"degC","co2",2.70424609505881,0.00138678864614801,"HECTOR 2.5","","co2
HECTOR 2.5
ssp245"
"247","ssp245",2266,"Tgav",2.68728255004462,"degC","co2",2.70114897177949,0.00138664217348703,"HECTOR 2.5","","co2
HECTOR 2.5
ssp245"
"248","ssp245",2267,"Tgav",2.68421045145285,"degC","co2",2.69807515353368,0.00138647020808302,"HECTOR 2.5","","co2
HECTOR 2.5
ssp245"
"249","ssp245",2268,"Tgav",2.68116084800205,"degC","co2",2.69502358233619,0.00138627343341398,"HECTOR 2.5","","co2
HECTOR 2.5
ssp245"
"250","ssp245",2269,"Tgav",2.67813265841673,"degC","co2",2.69199318438758,0.00138605259708497,"HECTOR 2.5","","co2
HECTOR 2.5
ssp245"
"251","ssp245",2270,"Tgav",2.67512481097429,"degC","co2",2.68898289540234,0.00138580844280503,"HECTOR 2.5","","co2
HECTOR 2.5
ssp245"
"252","ssp245",2271,"Tgav",2.67213624975759,"degC","co2",2.68599166660713,0.00138554168495402,"HECTOR 2.5","","co2
HECTOR 2.5
ssp245"
"253","ssp245",2272,"Tgav",2.66916594344743,"degC","co2",2.683018474034,0.00138525305865702,"HECTOR 2.5","","co2
HECTOR 2.5
ssp245"
"254","ssp245",2273,"Tgav",2.66621289958053,"degC","co2",2.68006233280668,0.00138494332261501,"HECTOR 2.5","","co2
HECTOR 2.5
ssp245"
"255","ssp245",2274,"Tgav",2.66327616994612,"degC","co2",2.67712230208006,0.00138461321339398,"HECTOR 2.5","","co2
HECTOR 2.5
ssp245"
"256","ssp245",2275,"Tgav",2.6603548491358,"degC","co2",2.67419748360386,0.00138426344680602,"HECTOR 2.5","","co2
HECTOR 2.5
ssp245"
"257","ssp245",2276,"Tgav",2.65744807722346,"degC","co2",2.67128702470661,0.001383894748315,"HECTOR 2.5","","co2
HECTOR 2.5
ssp245"
"258","ssp245",2277,"Tgav",2.65455504410049,"degC","co2",2.66839012252141,0.00138350784209198,"HECTOR 2.5","","co2
HECTOR 2.5
ssp245"
"259","ssp245",2278,"Tgav",2.65167498881003,"degC","co2",2.66550602307129,0.00138310342612598,"HECTOR 2.5","","co2
HECTOR 2.5
ssp245"
"260","ssp245",2279,"Tgav",2.64880719723304,"degC","co2",2.66263401905258,0.00138268218195403,"HECTOR 2.5","","co2
HECTOR 2.5
ssp245"
"261","ssp245",2280,"Tgav",2.64595100247296,"degC","co2",2.65977345032483,0.001382244785187,"HECTOR 2.5","","co2
HECTOR 2.5
ssp245"
"262","ssp245",2281,"Tgav",2.64310578499954,"degC","co2",2.6569237040027,0.00138179190031602,"HECTOR 2.5","","co2
HECTOR 2.5
ssp245"
"263","ssp245",2282,"Tgav",2.64027097032158,"degC","co2",2.6540842119807,0.00138132416591201,"HECTOR 2.5","","co2
HECTOR 2.5
ssp245"
"264","ssp245",2283,"Tgav",2.63744602670496,"degC","co2",2.65125444875547,0.00138084220505097,"HECTOR 2.5","","co2
HECTOR 2.5
ssp245"
"265","ssp245",2284,"Tgav",2.63463046432903,"degC","co2",2.64843393063527,0.00138034663062401,"HECTOR 2.5","","co2
HECTOR 2.5
ssp245"
"266","ssp245",2285,"Tgav",2.63182384381294,"degC","co2",2.64562223217229,0.001379838835935,"HECTOR 2.5","","co2
HECTOR 2.5
ssp245"
"267","ssp245",2286,"Tgav",2.62902582000335,"degC","co2",2.64281901958917,0.001379319958582,"HECTOR 2.5","","co2
HECTOR 2.5
ssp245"
"268","ssp245",2287,"Tgav",2.62623612333796,"degC","co2",2.64002403217493,0.00137879088369703,"HECTOR 2.5","","co2
HECTOR 2.5
ssp245"
"269","ssp245",2288,"Tgav",2.62345454257463,"degC","co2",2.6372370660552,0.001378252348057,"HECTOR 2.5","","co2
HECTOR 2.5
ssp245"
"270","ssp245",2289,"Tgav",2.62068091360256,"degC","co2",2.6344579633015,0.00137770496989402,"HECTOR 2.5","","co2
HECTOR 2.5
ssp245"
"271","ssp245",2290,"Tgav",2.61791511034511,"degC","co2",2.63168660313067,0.00137714927855601,"HECTOR 2.5","","co2
HECTOR 2.5
ssp245"
"272","ssp245",2291,"Tgav",2.61515703818964,"degC","co2",2.62892289567147,0.00137658574818302,"HECTOR 2.5","","co2
HECTOR 2.5
ssp245"
"273","ssp245",2292,"Tgav",2.61240662955922,"degC","co2",2.62616677765274,0.00137601480935201,"HECTOR 2.5","","co2
HECTOR 2.5
ssp245"
"274","ssp245",2293,"Tgav",2.60966383999592,"degC","co2",2.62341820848514,0.00137543684892196,"HECTOR 2.5","","co2
HECTOR 2.5
ssp245"
"275","ssp245",2294,"Tgav",2.60692864448237,"degC","co2",2.62067716668072,0.001374852219835,"HECTOR 2.5","","co2
HECTOR 2.5
ssp245"
"276","ssp245",2295,"Tgav",2.60420103467942,"degC","co2",2.61794364720791,0.00137426125284899,"HECTOR 2.5","","co2
HECTOR 2.5
ssp245"
"277","ssp245",2296,"Tgav",2.60148101683309,"degC","co2",2.6152176594068,0.001373664257371,"HECTOR 2.5","","co2
HECTOR 2.5
ssp245"
"278","ssp245",2297,"Tgav",2.59876860969087,"degC","co2",2.61249922489397,0.00137306152030998,"HECTOR 2.5","","co2
HECTOR 2.5
ssp245"
"279","ssp245",2298,"Tgav",2.59606384255147,"degC","co2",2.60978837566618,0.001372453311471,"HECTOR 2.5","","co2
HECTOR 2.5
ssp245"
"280","ssp245",2299,"Tgav",2.59336675378065,"degC","co2",2.60708515266266,0.001371839888201,"HECTOR 2.5","","co2
HECTOR 2.5
ssp245"
"281","ssp245",2300,"Tgav",2.59067738957047,"degC","co2",2.60438960451545,0.001371221494498,"HECTOR 2.5","HECTOR 2.5
SSP245","co2
HECTOR 2.5
ssp245"
