2010,828.9,828.44,828.27,829.01,0.8801,0.87933,0.8668,0.88923,9.8779,9.518,9.3891,9.9693,2.1791,2.1697,2.1326,2.2028
2011,833.86,833.1,832.81,834.07,0.90906,0.9061,0.8916,0.91683,9.9162,9.5874,9.3859,10.217,2.2318,2.212,2.1728,2.2437
2012,838.82,837.79,837.32,839.32,0.93812,0.93279,0.91639,0.94409,9.9544,9.6569,9.3826,10.464,2.2819,2.2553,2.2129,2.2883
2013,843.77,842.52,841.79,844.74,0.96684,0.95933,0.94089,0.97134,9.9927,9.7263,9.3794,10.712,2.3295,2.2982,2.2516,2.334
2014,848.72,847.28,846.24,850.33,0.99517,0.98577,0.96509,0.99875,10.031,9.7957,9.3761,10.959,2.3753,2.341,2.2894,2.3811
2015,853.67,852.07,850.65,856.08,1.0231,1.0122,0.98901,1.0265,10.069,9.8651,9.3729,11.207,2.4194,2.384,2.3265,2.4295
2016,858.62,856.89,855.05,861.98,1.0506,1.0386,1.0127,1.0546,10.107,9.9346,9.3697,11.454,2.4621,2.4269,2.3629,2.4792
2017,863.58,861.74,859.42,868.05,1.0777,1.0651,1.0361,1.0831,10.146,10.004,9.3664,11.702,2.5033,2.47,2.3987,2.5301
2018,868.55,866.63,863.78,874.27,1.1043,1.0916,1.0593,1.1121,10.184,10.073,9.3632,11.949,2.5434,2.5132,2.434,2.5821
2019,873.53,871.55,868.11,880.64,1.1307,1.1183,1.0825,1.1417,10.222,10.143,9.3599,12.197,2.5831,2.5573,2.4696,2.6361
2020,878.52,876.5,872.43,887.17,1.1563,1.1449,1.1057,1.1721,10.26,10.212,9.3567,12.444,2.619,2.5997,2.5056,2.6922
2021,883.52,881.5,876.73,893.84,1.1809,1.1712,1.1291,1.2034,10.029,10.308,9.3648,12.655,2.6517,2.6408,2.5426,2.7508
2022,888.27,886.55,881.03,900.64,1.2046,1.1975,1.1527,1.2351,9.7976,10.404,9.3729,12.866,2.6818,2.6827,2.58,2.8082
2023,892.8,891.66,885.32,907.56,1.2275,1.2237,1.1763,1.2673,9.5661,10.499,9.381,13.077,2.7108,2.7246,2.6176,2.8661
2024,897.12,896.84,889.62,914.6,1.2499,1.25,1.2001,1.2999,9.3346,10.595,9.3891,13.288,2.7389,2.7664,2.6553,2.9244
2025,901.23,902.07,893.91,921.77,1.2718,1.2762,1.2239,1.3329,9.1032,10.691,9.3972,13.499,2.766,2.8082,2.6932,2.9832
2026,905.14,907.36,898.2,929.06,1.2931,1.3025,1.2479,1.3663,8.8717,10.787,9.4054,13.71,2.7922,2.8499,2.7313,3.0423
2027,908.87,912.71,902.49,936.49,1.3139,1.3288,1.2719,1.4,8.6402,10.882,9.4135,13.921,2.8174,2.8915,2.7696,3.1019
2028,912.4,918.12,906.79,944.05,1.3343,1.3551,1.296,1.4341,8.4087,10.978,9.4216,14.132,2.8418,2.9332,2.808,3.1619
2029,915.76,923.58,911.08,951.73,1.3542,1.3814,1.3202,1.4686,8.1773,11.074,9.4297,14.343,2.8653,2.9749,2.8466,3.2224
2030,918.94,929.11,915.39,959.55,1.3732,1.4079,1.3434,1.504,7.9458,11.17,9.4378,14.554,2.8855,3.0172,2.8793,3.2862
2031,921.95,934.69,919.7,967.5,1.391,1.4345,1.365,1.5406,7.6536,11.206,9.578,14.842,2.9024,3.06,2.9061,3.3536
2032,924.74,940.28,924.14,975.66,1.4082,1.4612,1.386,1.5778,7.3614,11.243,9.7183,15.13,2.9197,3.1016,2.9344,3.4204
2033,927.31,945.87,928.71,984.02,1.4247,1.4877,1.4066,1.6158,7.0692,11.28,9.8585,15.417,2.9358,3.1426,2.9633,3.4883
2034,929.67,951.48,933.39,992.58,1.4407,1.5141,1.4272,1.6544,6.777,11.316,9.9988,15.705,2.9506,3.1831,2.9926,3.5571
2035,931.81,957.1,938.18,1001.4,1.4559,1.5404,1.4476,1.6937,6.4849,11.353,10.139,15.993,2.9643,3.2231,3.0222,3.6268
2036,933.76,962.73,943.07,1010.3,1.4706,1.5665,1.468,1.7335,6.1927,11.39,10.279,16.281,2.9767,3.2625,3.0522,3.6972
2037,935.5,968.38,948.06,1019.5,1.4846,1.5925,1.4883,1.7739,5.9005,11.427,10.419,16.568,2.9878,3.3013,3.0824,3.7683
2038,937.05,974.04,953.16,1028.9,1.4979,1.6183,1.5086,1.8149,5.6083,11.463,10.56,16.856,2.9977,3.3397,3.1128,3.8401
2039,938.4,979.73,958.34,1038.5,1.5106,1.6439,1.529,1.8564,5.3161,11.5,10.7,17.144,3.0063,3.3775,3.1434,3.9124
2040,939.57,985.43,963.63,1048.3,1.5223,1.6695,1.55,1.8982,5.0239,11.537,10.84,17.432,3.0115,3.4154,3.1778,3.9846
2041,940.54,991.15,969,1058.3,1.5326,1.695,1.5721,1.9404,4.8602,11.511,11.014,17.767,3.0133,3.4534,3.216,4.0566
2042,941.46,996.83,974.5,1068.5,1.5418,1.7204,1.5946,1.9829,4.6965,11.485,11.188,18.101,3.014,3.4898,3.2533,4.1298
2043,942.3,1002.5,980.12,1079,1.5503,1.7454,1.6174,2.0259,4.5328,11.46,11.362,18.436,3.0136,3.5254,3.2909,4.2037
2044,943.06,1008.1,985.86,1089.8,1.558,1.7702,1.6405,2.0694,4.3691,11.434,11.536,18.771,3.0122,3.5604,3.3287,4.2783
2045,943.75,1013.7,991.72,1100.8,1.565,1.7948,1.6639,2.1134,4.2054,11.408,11.71,19.106,3.0099,3.5949,3.3669,4.3537
2046,944.35,1019.2,997.71,1112,1.5713,1.8191,1.6875,2.1579,4.0416,11.383,11.884,19.441,3.0068,3.6289,3.4054,4.4297
2047,944.88,1024.8,1003.8,1123.5,1.577,1.8433,1.7113,2.2028,3.8779,11.357,12.058,19.776,3.0028,3.6625,3.4443,4.5065
2048,945.31,1030.3,1010,1135.3,1.5821,1.8672,1.7354,2.2483,3.7142,11.331,12.232,20.111,2.9981,3.6956,3.4836,4.5839
2049,945.66,1035.8,1016.4,1147.3,1.5867,1.891,1.7596,2.2942,3.5505,11.306,12.406,20.446,2.9926,3.7285,3.5232,4.662
2050,945.92,1041.3,1022.8,1159.5,1.5905,1.9142,1.7837,2.3402,3.3868,11.28,12.58,20.781,2.985,3.759,3.5608,4.7385
2051,946.09,1046.7,1029.4,1172.1,1.5933,1.9367,1.8073,2.386,3.2516,11.11,12.779,21.112,2.9752,3.7871,3.5962,4.8134
2052,946.21,1052,1036.1,1184.8,1.5954,1.9585,1.8307,2.432,3.1163,10.941,12.977,21.444,2.9651,3.8141,3.6322,4.8891
2053,946.26,1057.1,1043,1197.8,1.597,1.9799,1.8543,2.4781,2.9811,10.772,13.176,21.776,2.9548,3.8402,3.6688,4.965
2054,946.24,1062.2,1050,1211.1,1.5982,2.0008,1.8779,2.5245,2.8458,10.602,13.374,22.107,2.9444,3.8654,3.7058,5.0411
2055,946.15,1067,1057.1,1224.6,1.599,2.0212,1.9017,2.5711,2.7106,10.433,13.573,22.439,2.9339,3.8897,3.7434,5.1174
2056,946,1071.8,1064.4,1238.4,1.5994,2.0412,1.9257,2.618,2.5754,10.263,13.772,22.77,2.9231,3.9132,3.7814,5.1939
2057,945.78,1076.4,1071.8,1252.5,1.5995,2.0608,1.9499,2.6651,2.4401,10.094,13.97,23.102,2.9122,3.936,3.8199,5.2707
2058,945.48,1080.8,1079.4,1266.8,1.5992,2.0799,1.9743,2.7125,2.3049,9.9242,14.169,23.434,2.9009,3.958,3.8589,5.3477
2059,945.12,1085.2,1087,1281.3,1.5987,2.0987,1.9989,2.7601,2.1696,9.7548,14.367,23.765,2.8895,3.9794,3.8983,5.4249
2060,944.69,1089.4,1094.8,1296.2,1.5982,2.117,2.025,2.8078,2.0344,9.5853,14.566,24.097,2.8792,3.9996,3.9447,5.5019
2061,944.18,1093.5,1102.8,1311.2,1.5978,2.1348,2.0532,2.8556,1.8963,9.349,14.757,24.325,2.8703,4.0186,3.9981,5.5785
2062,943.6,1097.4,1110.8,1326.5,1.5973,2.1521,2.0825,2.9035,1.7583,9.1126,14.948,24.553,2.8607,4.0367,4.0506,5.6548
2063,942.95,1101.2,1119,1341.9,1.5968,2.1689,2.1126,2.9514,1.6202,8.8763,15.139,24.78,2.8513,4.0538,4.1033,5.7306
2064,942.23,1104.7,1127.3,1357.5,1.5962,2.1853,2.1432,2.9992,1.4822,8.64,15.33,25.008,2.842,4.07,4.1563,5.8059
2065,941.44,1108.1,1135.7,1373.3,1.5956,2.2012,2.1744,3.0471,1.3441,8.4037,15.521,25.236,2.8328,4.0853,4.2097,5.8808
2066,940.57,1111.4,1144.3,1389.3,1.5948,2.2166,2.206,3.0949,1.2061,8.1673,15.712,25.463,2.8236,4.0999,4.2634,5.9553
2067,939.64,1114.4,1153,1405.4,1.594,2.2316,2.2381,3.1427,1.068,7.931,15.903,25.691,2.8143,4.1135,4.3174,6.0295
2068,938.64,1117.3,1161.9,1421.8,1.5931,2.2461,2.2706,3.1904,0.93,7.6947,16.095,25.919,2.8051,4.1264,4.3718,6.1034
2069,937.57,1120.1,1170.9,1438.3,1.5921,2.2602,2.3035,3.2381,0.79195,7.4583,16.286,26.146,2.7957,4.1386,4.4265,6.177
2070,936.44,1122.6,1180,1455,1.5911,2.2737,2.3362,3.2858,0.6539,7.222,16.477,26.374,2.7872,4.1494,4.4785,6.25
2071,935.24,1125.1,1189.3,1471.9,1.5902,2.2867,2.3683,3.3333,0.60021,6.9188,16.581,26.508,2.7796,4.159,4.5279,6.3224
2072,934.05,1127.3,1198.7,1489,1.5895,2.2991,2.4002,3.3806,0.54652,6.6156,16.686,26.642,2.7723,4.1676,4.5772,6.3945
2073,932.88,1129.2,1208.1,1506.1,1.5888,2.311,2.432,3.4279,0.49283,6.3124,16.791,26.776,2.7652,4.1751,4.6261,6.4662
2074,931.71,1131,1217.6,1523.4,1.5881,2.3224,2.4637,3.4751,0.43914,6.0092,16.896,26.911,2.7583,4.1816,4.6747,6.5375
2075,930.54,1132.6,1227.2,1540.8,1.5874,2.3332,2.4953,3.5221,0.38545,5.7059,17.001,27.045,2.7515,4.1871,4.723,6.6085
2076,929.38,1133.9,1236.8,1558.3,1.5868,2.3435,2.5269,3.5691,0.33176,5.4027,17.105,27.179,2.7449,4.1916,4.771,6.6791
2077,928.22,1135.1,1246.5,1575.9,1.5862,2.3532,2.5585,3.616,0.27807,5.0995,17.21,27.313,2.7384,4.1952,4.8188,6.7494
2078,927.06,1136,1256.3,1593.7,1.5856,2.3625,2.59,3.6627,0.22438,4.7963,17.315,27.447,2.732,4.198,4.8664,6.8194
2079,925.9,1136.8,1266.2,1611.6,1.585,2.3713,2.6215,3.7094,0.17069,4.4931,17.42,27.581,2.7257,4.2001,4.9138,6.8891
2080,924.74,1137.3,1276.2,1629.7,1.5843,2.3792,2.6523,3.7564,0.117,4.1899,17.525,27.715,2.7189,4.1994,4.9577,6.9603
2081,923.57,1137.7,1286.2,1647.9,1.5835,2.3859,2.6821,3.8039,0.0785,4.1929,17.228,27.797,2.7116,4.1958,4.9981,7.0332
2082,922.42,1138.1,1295.9,1666.2,1.5826,2.3921,2.7111,3.8515,0.04,4.1958,16.931,27.878,2.705,4.1946,5.0368,7.1055
2083,921.28,1138.7,1305.4,1684.5,1.5816,2.3982,2.7392,3.8993,0.0015,4.1988,16.634,27.96,2.6985,4.1941,5.0731,7.1773
2084,920.14,1139.3,1314.5,1702.9,1.5807,2.4041,2.7663,3.947,-0.037,4.2018,16.337,28.041,2.6919,4.1942,5.107,7.249
2085,919.01,1139.9,1323.5,1721.5,1.5797,2.4099,2.7926,3.9948,-0.0755,4.2047,16.04,28.123,2.6854,4.1948,5.1388,7.3204
2086,917.89,1140.7,1332.1,1740.1,1.5787,2.4157,2.818,4.0426,-0.114,4.2077,15.743,28.204,2.6789,4.1959,5.1685,7.3916
2087,916.77,1141.4,1340.5,1758.9,1.5776,2.4214,2.8424,4.0904,-0.1525,4.2107,15.446,28.286,2.6724,4.1974,5.1963,7.4626
2088,915.65,1142.3,1348.7,1777.8,1.5766,2.4272,2.866,4.1381,-0.191,4.2137,15.149,28.368,2.6659,4.1994,5.2222,7.5334
2089,914.54,1143.1,1356.6,1796.8,1.5755,2.4329,2.8886,4.1858,-0.2295,4.2166,14.853,28.449,2.6594,4.2016,5.2464,7.6039
2090,913.42,1144,1364.3,1815.9,1.5743,2.4387,2.9105,4.2332,-0.268,4.2196,14.556,28.531,2.6529,4.2042,5.269,7.6725
2091,912.31,1145,1371.7,1835.2,1.5731,2.4445,2.9315,4.2799,-0.28315,4.2226,14.494,28.559,2.6465,4.2071,5.2903,7.7392
2092,911.22,1146,1379.1,1854.4,1.572,2.4503,2.952,4.3262,-0.2983,4.2255,14.431,28.588,2.64,4.2103,5.3118,7.8054
2093,910.15,1147,1386.5,1873.8,1.5708,2.4561,2.9721,4.3722,-0.31345,4.2285,14.369,28.617,2.6336,4.2137,5.3333,7.871
2094,909.1,1148,1393.9,1893.2,1.5696,2.462,2.9919,4.4179,-0.3286,4.2315,14.307,28.645,2.6273,4.2174,5.3549,7.9361
2095,908.06,1149.1,1401.3,1912.8,1.5684,2.4679,3.0114,4.4633,-0.34375,4.2344,14.245,28.674,2.6211,4.2213,5.3765,8.0005
2096,907.04,1150.2,1408.6,1932.3,1.5672,2.4738,3.0306,4.5084,-0.3589,4.2374,14.183,28.702,2.615,4.2254,5.3981,8.0641
2097,906.03,1151.3,1415.9,1952,1.566,2.4798,3.0497,4.5532,-0.37405,4.2404,14.121,28.731,2.609,4.2296,5.4197,8.1273
2098,905.04,1152.5,1423.2,1971.8,1.5649,2.4858,3.0686,4.5977,-0.3892,4.2434,14.059,28.76,2.603,4.2341,5.4415,8.19
2099,904.06,1153.7,1430.5,1991.5,1.5637,2.4918,3.0874,4.6419,-0.40435,4.2463,13.997,28.788,2.5972,4.2387,5.4635,8.252
2100,903.09,1154.9,1437.7,2011.4,1.5622,2.4978,3.1058,4.6856,-0.4195,4.2493,13.935,28.817,2.5894,4.2431,5.4843,8.3123
2101,902.13,1156.1,1444.8,2031.4,1.56,2.5036,3.1237,4.7285,-0.43995,4.1353,13.722,28.814,2.5796,4.2471,5.5039,8.3707
2102,901.18,1157.2,1451.8,2051.5,1.5577,2.5093,3.1413,4.7709,-0.4604,4.0213,13.51,28.811,2.5713,4.2512,5.5245,8.429
2103,900.23,1158.3,1458.7,2071.5,1.5554,2.5149,3.1588,4.8128,-0.48086,3.9073,13.298,28.808,2.5632,4.2551,5.545,8.4862
2104,899.29,1159.3,1465.3,2091.7,1.553,2.5204,3.1761,4.8543,-0.50131,3.7933,13.085,28.805,2.5553,4.2587,5.5653,8.5429
2105,898.35,1160.2,1471.8,2111.9,1.5505,2.5258,3.1932,4.8954,-0.52176,3.6793,12.873,28.802,2.5474,4.2621,5.5854,8.5989
2106,897.4,1161,1478.1,2132.1,1.548,2.5311,3.2101,4.9361,-0.54221,3.5654,12.661,28.799,2.5397,4.2652,5.6052,8.6541
2107,896.46,1161.7,1484.3,2152.4,1.5455,2.5362,3.2268,4.9764,-0.56266,3.4514,12.448,28.795,2.5321,4.268,5.6248,8.7088
2108,895.52,1162.4,1490.3,2172.7,1.543,2.5412,3.2433,5.0163,-0.58312,3.3374,12.236,28.792,2.5246,4.2705,5.6441,8.7628
2109,894.58,1163,1496.1,2193.1,1.5404,2.546,3.2596,5.0558,-0.60357,3.2234,12.024,28.789,2.5172,4.2728,5.663,8.8161
2110,893.64,1163.5,1501.8,2213.5,1.5379,2.5506,3.2757,5.0949,-0.62402,3.1094,11.812,28.786,2.5099,4.2747,5.6815,8.869
2111,892.7,1164,1507.4,2234,1.5353,2.5551,3.2915,5.1337,-0.64447,3.0278,11.599,28.783,2.5026,4.2764,5.6997,8.9214
2112,891.75,1164.4,1512.8,2254.5,1.5327,2.5595,3.3071,5.1722,-0.66492,2.9463,11.387,28.78,2.4954,4.278,5.7175,8.9731
2113,890.81,1164.8,1518,2275.1,1.5302,2.5637,3.3224,5.2103,-0.68538,2.8647,11.175,28.777,2.4882,4.2794,5.7348,9.0243
2114,889.86,1165.1,1523.1,2295.7,1.5276,2.5679,3.3375,5.248,-0.70583,2.7831,10.962,28.774,2.4812,4.2806,5.7517,9.0751
2115,888.91,1165.4,1528,2316.4,1.525,2.5718,3.3524,5.2855,-0.72628,2.7016,10.75,28.771,2.4741,4.2816,5.7682,9.1255
2116,887.96,1165.7,1532.8,2337.2,1.5224,2.5757,3.3669,5.3227,-0.74673,2.62,10.538,28.768,2.4671,4.2825,5.7842,9.1754
2117,887.01,1165.9,1537.5,2357.9,1.5198,2.5795,3.3813,5.3595,-0.76718,2.5384,10.325,28.765,2.4602,4.2832,5.7998,9.2247
2118,886.06,1166.1,1542,2378.7,1.5172,2.5831,3.3953,5.3961,-0.78764,2.4568,10.113,28.762,2.4533,4.2837,5.8149,9.2738
2119,885.1,1166.2,1546.4,2399.6,1.5146,2.5866,3.4091,5.4323,-0.80809,2.3753,9.9006,28.758,2.4464,4.2841,5.8296,9.3223
2120,884.14,1166.3,1550.6,2420.5,1.512,2.5899,3.4226,5.4683,-0.82854,2.2937,9.6883,28.755,2.4396,4.2842,5.8437,9.3705
2121,883.18,1166.4,1554.7,2441.5,1.5093,2.5932,3.4359,5.504,-0.84899,2.2607,9.476,28.752,2.4327,4.2842,5.8574,9.4183
2122,882.22,1166.5,1558.6,2462.5,1.5067,2.5963,3.4488,5.5394,-0.86944,2.2278,9.2637,28.749,2.426,4.2842,5.8707,9.4656
2123,881.25,1166.5,1562.4,2483.5,1.5041,2.5994,3.4615,5.5746,-0.8899,2.1948,9.0513,28.746,2.4192,4.2842,5.8834,9.5127
2124,880.28,1166.6,1566.1,2504.7,1.5014,2.6024,3.4739,5.6095,-0.91035,2.1618,8.839,28.743,2.4125,4.2841,5.8957,9.5594
2125,879.31,1166.6,1569.6,2525.8,1.4988,2.6054,3.486,5.6441,-0.9308,2.1288,8.6267,28.74,2.4057,4.2841,5.9074,9.6057
2126,878.34,1166.7,1573,2547,1.4961,2.6082,3.4978,5.6785,-0.9308,2.0959,8.4216,28.74,2.399,4.2841,5.9187,9.6517
2127,877.38,1166.8,1576.2,2568.3,1.4934,2.6111,3.5094,5.7127,-0.9308,2.0629,8.2166,28.74,2.3924,4.284,5.9295,9.6974
2128,876.43,1166.8,1579.4,2589.5,1.4908,2.6139,3.5206,5.7466,-0.9308,2.0299,8.0115,28.74,2.3859,4.284,5.9398,9.7427
2129,875.5,1166.9,1582.3,2610.8,1.4881,2.6166,3.5316,5.7802,-0.9308,1.997,7.8064,28.74,2.3794,4.2838,5.9497,9.7876
2130,874.59,1166.9,1585.2,2632.2,1.4855,2.6192,3.5423,5.8136,-0.9308,1.964,7.6014,28.74,2.3731,4.2837,5.9591,9.8323
2131,873.68,1166.9,1587.9,2653.7,1.4829,2.6219,3.5527,5.8469,-0.9308,1.9385,7.3963,28.74,2.3669,4.2835,5.968,9.8768
2132,872.79,1167,1590.5,2675.2,1.4803,2.6244,3.5628,5.8799,-0.9308,1.9131,7.1912,28.74,2.3607,4.2833,5.9764,9.9209
2133,871.9,1167,1592.9,2696.6,1.4777,2.6269,3.5726,5.9126,-0.9308,1.8876,6.9862,28.74,2.3546,4.2831,5.9844,9.9646
2134,871.03,1167.1,1595.3,2718.2,1.4752,2.6294,3.5822,5.9451,-0.9308,1.8621,6.7811,28.74,2.3485,4.2829,5.9919,10.008
2135,870.17,1167.1,1597.5,2739.8,1.4726,2.6319,3.5914,5.9775,-0.9308,1.8366,6.576,28.74,2.3426,4.2826,5.9989,10.051
2136,869.32,1167.1,1599.5,2761.5,1.4701,2.6342,3.6004,6.0096,-0.9308,1.8112,6.371,28.74,2.3367,4.2824,6.0054,10.094
2137,868.48,1167.2,1601.4,2783.2,1.4676,2.6366,3.6091,6.0415,-0.9308,1.7857,6.1659,28.74,2.3309,4.2821,6.0115,10.137
2138,867.64,1167.2,1603.2,2804.9,1.4651,2.6389,3.6175,6.0732,-0.9308,1.7602,5.9609,28.74,2.3251,4.2818,6.0171,10.179
2139,866.82,1167.2,1604.9,2826.7,1.4626,2.6412,3.6256,6.1047,-0.9308,1.7348,5.7558,28.74,2.3194,4.2814,6.0222,10.221
2140,866,1167.2,1606.4,2848.5,1.4601,2.6434,3.6334,6.136,-0.9308,1.7093,5.5507,28.74,2.3137,4.281,6.0269,10.263
2141,865.19,1167.2,1607.8,2870.4,1.4577,2.6456,3.641,6.1671,-0.9308,1.6831,5.3457,28.74,2.3081,4.2806,6.0311,10.305
2142,864.39,1167.3,1609.1,2892.3,1.4552,2.6477,3.6482,6.198,-0.9308,1.657,5.1406,28.74,2.3026,4.2802,6.0348,10.346
2143,863.6,1167.3,1610.2,2914.3,1.4528,2.6498,3.6552,6.2287,-0.9308,1.6308,4.9355,28.74,2.2971,4.2797,6.038,10.388
2144,862.82,1167.3,1611.2,2936.2,1.4504,2.6519,3.6619,6.2592,-0.9308,1.6046,4.7305,28.74,2.2916,4.2791,6.0408,10.428
2145,862.04,1167.2,1612.1,2958.3,1.448,2.6539,3.6683,6.2896,-0.9308,1.5785,4.5254,28.74,2.2862,4.2785,6.0431,10.469
2146,861.27,1167.2,1612.8,2980.3,1.4456,2.6559,3.6744,6.3197,-0.9308,1.5523,4.3203,28.74,2.2809,4.2779,6.045,10.509
2147,860.5,1167.2,1613.4,3002.4,1.4433,2.6578,3.6803,6.3497,-0.9308,1.5262,4.1153,28.74,2.2756,4.2773,6.0464,10.55
2148,859.75,1167.2,1613.9,3024.6,1.4409,2.6597,3.6858,6.3794,-0.9308,1.5,3.9102,28.74,2.2703,4.2766,6.0473,10.59
2149,858.99,1167.1,1614.3,3046.8,1.4386,2.6615,3.6911,6.409,-0.9308,1.5354,3.5678,28.74,2.2651,4.2758,6.0477,10.629
2150,858.25,1167.1,1614.3,3069,1.4363,2.6634,3.696,6.4384,-0.9308,1.5468,3.5062,28.74,2.2599,4.2753,6.0475,10.669
2151,857.51,1167.2,1614.4,3091.3,1.4339,2.6652,3.7007,6.4676,-0.9308,1.5531,3.4375,28.47,2.2548,4.2749,6.0472,10.708
2152,856.78,1167.2,1614.5,3113.3,1.4316,2.6671,3.7052,6.4966,-0.9308,1.5547,3.3717,28.2,2.2497,4.2746,6.047,10.746
2153,856.05,1167.3,1614.6,3135.1,1.4293,2.669,3.7096,6.5252,-0.9308,1.5527,3.3114,27.931,2.2447,4.2744,6.0468,10.784
2154,855.33,1167.4,1614.7,3156.8,1.4271,2.6708,3.7138,6.5536,-0.9308,1.5482,3.2545,27.661,2.2396,4.2742,6.0465,10.822
2155,854.61,1167.5,1614.8,3178.1,1.4248,2.6727,3.718,6.5816,-0.9308,1.5419,3.2005,27.391,2.2347,4.2741,6.0463,10.858
2156,853.9,1167.6,1614.9,3199.2,1.4225,2.6746,3.722,6.6092,-0.9308,1.5324,3.1526,27.121,2.2297,4.2739,6.0461,10.894
2157,853.19,1167.6,1614.9,3220.2,1.4203,2.6764,3.726,6.6364,-0.9308,1.5229,3.1048,26.851,2.2248,4.2739,6.0459,10.93
2158,852.49,1167.7,1615,3241,1.4181,2.6783,3.7298,6.6634,-0.9308,1.5134,3.0569,26.582,2.2199,4.2738,6.0457,10.965
2159,851.79,1167.8,1615.1,3261.4,1.4158,2.6802,3.7336,6.6899,-0.9308,1.5039,3.0091,26.312,2.2151,4.2737,6.0455,10.999
2160,851.1,1167.9,1615.2,3281.7,1.4136,2.682,3.7373,6.7161,-0.9308,1.4944,2.9612,26.042,2.2103,4.2737,6.0453,11.033
2161,850.41,1168,1615.2,3301.8,1.4114,2.6839,3.7409,6.7419,-0.9308,1.4831,2.921,25.772,2.2055,4.2736,6.0451,11.066
2162,849.73,1168.1,1615.3,3321.7,1.4092,2.6857,3.7445,6.7673,-0.9308,1.4718,2.8809,25.502,2.2008,4.2736,6.0449,11.098
2163,849.05,1168.2,1615.4,3341.5,1.407,2.6875,3.748,6.7925,-0.9308,1.4605,2.8407,25.233,2.196,4.2736,6.0447,11.131
2164,848.38,1168.3,1615.5,3360.9,1.4048,2.6893,3.7515,6.8172,-0.9308,1.4492,2.8006,24.963,2.1914,4.2736,6.0445,11.162
2165,847.71,1168.4,1615.5,3380.1,1.4027,2.6911,3.7549,6.8416,-0.9308,1.438,2.7604,24.693,2.1867,4.2735,6.0443,11.193
2166,847.04,1168.5,1615.6,3399.2,1.4005,2.6929,3.7582,6.8657,-0.9308,1.4267,2.7258,24.423,2.1821,4.2735,6.0441,11.224
2167,846.38,1168.6,1615.7,3418.1,1.3984,2.6947,3.7615,6.8894,-0.9308,1.4154,2.6912,24.153,2.1775,4.2735,6.0439,11.254
2168,845.72,1168.7,1615.7,3436.7,1.3962,2.6965,3.7647,6.9128,-0.9308,1.4041,2.6566,23.884,2.1729,4.2735,6.0437,11.283
2169,845.07,1168.7,1615.8,3455.1,1.3941,2.6982,3.7679,6.9358,-0.9308,1.3928,2.622,23.614,2.1683,4.2735,6.0435,11.312
2170,844.42,1168.8,1615.8,3473.3,1.3919,2.7,3.7711,6.9585,-0.9308,1.3815,2.5874,23.344,2.1638,4.2735,6.0433,11.341
2171,843.77,1168.9,1615.9,3491.3,1.3898,2.7017,3.7742,6.9809,-0.9308,1.3712,2.557,23.074,2.1593,4.2734,6.0431,11.369
2172,843.13,1169,1616,3509.1,1.3877,2.7034,3.7772,7.0029,-0.9308,1.3609,2.5267,22.805,2.1548,4.2734,6.0429,11.397
2173,842.49,1169.1,1616,3526.6,1.3856,2.7052,3.7802,7.0246,-0.9308,1.3506,2.4963,22.535,2.1504,4.2734,6.0427,11.424
2174,841.85,1169.2,1616.1,3544,1.3835,2.7069,3.7832,7.046,-0.9308,1.3403,2.466,22.265,2.146,4.2734,6.0425,11.451
2175,841.22,1169.2,1616.1,3561.2,1.3814,2.7085,3.7862,7.067,-0.9308,1.33,2.4356,21.995,2.1416,4.2734,6.0424,11.477
2176,840.59,1169.3,1616.2,3578.1,1.3793,2.7102,3.7891,7.0877,-0.9308,1.3197,2.4088,21.725,2.1372,4.2734,6.0422,11.503
2177,839.96,1169.4,1616.2,3594.8,1.3772,2.7119,3.792,7.1081,-0.9308,1.3094,2.3821,21.456,2.1328,4.2733,6.042,11.528
2178,839.34,1169.5,1616.3,3611.3,1.3751,2.7135,3.7948,7.1282,-0.9308,1.2991,2.3553,21.186,2.1285,4.2733,6.0418,11.553
2179,838.72,1169.5,1616.3,3627.5,1.3731,2.7152,3.7976,7.148,-0.9308,1.2888,2.3286,20.916,2.1242,4.2733,6.0416,11.577
2180,838.1,1169.6,1616.3,3643.6,1.371,2.7168,3.8004,7.1674,-0.9308,1.2785,2.3018,20.646,2.1199,4.2733,6.0414,11.601
2181,837.49,1169.7,1616.4,3659.4,1.369,2.7184,3.8031,7.1866,-0.9308,1.2697,2.278,20.376,2.1156,4.2732,6.0412,11.625
2182,836.88,1169.7,1616.4,3675,1.3669,2.72,3.8058,7.2054,-0.9308,1.2608,2.2542,20.107,2.1114,4.2732,6.0411,11.648
2183,836.27,1169.8,1616.5,3690.5,1.3649,2.7216,3.8085,7.2239,-0.9308,1.252,2.2305,19.837,2.1071,4.2732,6.0409,11.671
2184,835.66,1169.9,1616.5,3705.6,1.3628,2.7232,3.8112,7.2422,-0.9308,1.2431,2.2067,19.567,2.1029,4.2731,6.0407,11.693
2185,835.06,1169.9,1616.5,3720.5,1.3608,2.7247,3.8138,7.2601,-0.9308,1.2343,2.1829,19.297,2.0987,4.2731,6.0405,11.715
2186,834.46,1170,1616.6,3735.3,1.3588,2.7263,3.8164,7.2777,-0.9308,1.2255,2.1617,19.027,2.0946,4.2731,6.0403,11.736
2187,833.86,1170,1616.6,3749.8,1.3567,2.7278,3.819,7.2951,-0.9308,1.2166,2.1405,18.758,2.0904,4.2731,6.0402,11.758
2188,833.27,1170.1,1616.7,3764.1,1.3547,2.7294,3.8215,7.3121,-0.9308,1.2078,2.1193,18.488,2.0863,4.273,6.04,11.778
2189,832.68,1170.2,1616.7,3778.1,1.3527,2.7309,3.8241,7.3289,-0.9308,1.1989,2.0981,18.218,2.0822,4.273,6.0398,11.798
2190,832.09,1170.2,1616.7,3792,1.3507,2.7324,3.8266,7.3454,-0.9308,1.1901,2.0769,17.948,2.0781,4.273,6.0397,11.819
2191,831.5,1170.3,1616.8,3805.6,1.3487,2.7339,3.829,7.3616,-0.9308,1.1826,2.0579,17.678,2.074,4.2729,6.0395,11.838
2192,830.92,1170.3,1616.8,3819,1.3467,2.7354,3.8315,7.3775,-0.9308,1.175,2.0389,17.409,2.0699,4.2729,6.0393,11.857
2193,830.33,1170.4,1616.8,3832.2,1.3447,2.7369,3.8339,7.3932,-0.9308,1.1675,2.02,17.139,2.0659,4.2728,6.0391,11.876
2194,829.76,1170.4,1616.8,3845.1,1.3427,2.7384,3.8363,7.4085,-0.9308,1.16,2.001,16.869,2.0618,4.2728,6.039,11.894
2195,829.18,1170.5,1616.9,3857.8,1.3407,2.7398,3.8387,7.4236,-0.9308,1.1524,1.982,16.599,2.0578,4.2728,6.0388,11.912
2196,828.6,1170.5,1616.9,3870.2,1.3388,2.7413,3.8411,7.4385,-0.9308,1.1449,1.965,16.329,2.0538,4.2727,6.0386,11.93
2197,828.03,1170.6,1616.9,3882.5,1.3368,2.7427,3.8434,7.4531,-0.9308,1.1374,1.948,16.06,2.0498,4.2727,6.0385,11.947
2198,827.46,1170.6,1616.9,3894.5,1.3348,2.7442,3.8458,7.4674,-0.9308,1.1299,1.9309,15.79,2.0459,4.2726,6.0383,11.964
2199,826.89,1170.7,1617,3906.3,1.3329,2.7456,3.8481,7.4815,-0.9308,1.1223,1.9139,15.52,2.0419,4.2726,6.0381,11.98
2200,826.33,1170.7,1617,3917.9,1.3309,2.747,3.8503,7.4954,-0.9308,1.1148,1.8969,15.25,2.038,4.2725,6.038,11.996
2201,825.76,1170.8,1617,3929.2,1.3289,2.7484,3.8526,7.5091,-0.9308,1.1084,1.8823,14.98,2.0341,4.2725,6.0378,12.012
2202,825.2,1170.8,1617,3940.3,1.327,2.7498,3.8549,7.5225,-0.9308,1.1019,1.8678,14.711,2.0302,4.2724,6.0377,12.027
2203,824.64,1170.9,1617.1,3951.1,1.325,2.7512,3.8571,7.5357,-0.9308,1.0955,1.8533,14.441,2.0263,4.2724,6.0375,12.042
2204,824.08,1170.9,1617.1,3961.8,1.3231,2.7526,3.8593,7.5487,-0.9308,1.089,1.8387,14.171,2.0224,4.2724,6.0373,12.057
2205,823.53,1170.9,1617.1,3972.2,1.3212,2.7539,3.8615,7.5614,-0.9308,1.0826,1.8241,13.901,2.0185,4.2723,6.0372,12.071
2206,822.97,1171,1617.1,3982.3,1.3192,2.7553,3.8637,7.5739,-0.9308,1.0762,1.8096,13.631,2.0147,4.2723,6.037,12.085
2207,822.42,1171,1617.2,3992.3,1.3173,2.7567,3.8658,7.5862,-0.9308,1.0697,1.7951,13.362,2.0108,4.2722,6.0369,12.098
2208,821.87,1171.1,1617.2,4002,1.3154,2.758,3.868,7.5983,-0.9308,1.0633,1.7805,13.092,2.007,4.2722,6.0368,12.112
2209,821.32,1171.1,1617.2,4011.4,1.3134,2.7593,3.8701,7.61,-0.9308,1.0568,1.7659,12.822,2.0032,4.2721,6.0366,12.124
2210,820.78,1171.1,1617.2,4020.6,1.3115,2.7607,3.8722,7.6216,-0.9308,1.0504,1.7514,12.552,1.9994,4.2721,6.0365,12.137
2211,820.23,1171.2,1617.2,4029.6,1.3096,2.762,3.8743,7.6329,-0.9308,1.0449,1.7395,12.283,1.9956,4.272,6.0363,12.149
2212,819.69,1171.2,1617.2,4038.5,1.3077,2.7633,3.8764,7.644,-0.9308,1.0393,1.7277,12.013,1.9919,4.272,6.0361,12.161
2213,819.15,1171.3,1617.2,4046.9,1.3058,2.7646,3.8784,7.6548,-0.9308,1.0338,1.7158,11.743,1.9881,4.2719,6.036,12.172
2214,818.61,1171.3,1617.3,4055.2,1.3039,2.7659,3.8805,7.6654,-0.9308,1.0282,1.7039,11.473,1.9844,4.2719,6.0359,12.183
2215,818.08,1171.3,1617.3,4063.2,1.3019,2.7672,3.8825,7.6758,-0.9308,1.0227,1.6921,11.203,1.9806,4.2718,6.0357,12.194
2216,817.54,1171.4,1617.3,4071.1,1.3,2.7685,3.8845,7.686,-0.9308,1.0172,1.6802,10.934,1.9769,4.2718,6.0356,12.205
2217,817.01,1171.4,1617.3,4078.6,1.2981,2.7698,3.8865,7.6959,-0.9308,1.0116,1.6683,10.664,1.9732,4.2717,6.0354,12.215
2218,816.48,1171.4,1617.3,4086,1.2963,2.771,3.8885,7.7057,-0.9308,1.0061,1.6564,10.394,1.9695,4.2717,6.0353,12.224
2219,815.95,1171.5,1617.3,4093.1,1.2944,2.7723,3.8905,7.7152,-0.9308,1.0005,1.6446,10.124,1.9658,4.2716,6.0352,12.234
2220,815.42,1171.5,1617.3,4099.9,1.2925,2.7735,3.8924,7.7245,-0.9308,0.995,1.6327,9.8544,1.9622,4.2715,6.035,12.243
2221,814.89,1171.5,1617.4,4106.6,1.2906,2.7748,3.8944,7.7336,-0.9308,0.99023,1.6229,9.5846,1.9585,4.2715,6.0349,12.252
2222,814.37,1171.5,1617.4,4113,1.2887,2.776,3.8963,7.7425,-0.9308,0.98546,1.6132,9.3148,1.9549,4.2714,6.0347,12.26
2223,813.85,1171.6,1617.4,4119.1,1.2868,2.7772,3.8982,7.7512,-0.9308,0.98069,1.6034,9.045,1.9512,4.2714,6.0346,12.268
2224,813.33,1171.6,1617.4,4125,1.2849,2.7785,3.9001,7.7596,-0.9308,0.97592,1.5937,8.7752,1.9476,4.2713,6.0345,12.276
2225,812.81,1171.6,1617.4,4130.7,1.2831,2.7797,3.902,7.7679,-0.9308,0.97115,1.5839,8.5054,1.944,4.2713,6.0343,12.283
2226,812.29,1171.7,1617.4,4136.1,1.2812,2.7809,3.9039,7.7759,-0.9308,0.96638,1.5741,8.2356,1.9404,4.2712,6.0342,12.29
2227,811.77,1171.7,1617.4,4141.3,1.2793,2.7821,3.9058,7.7838,-0.9308,0.96161,1.5644,7.9658,1.9368,4.2712,6.0341,12.297
2228,811.26,1171.7,1617.4,4146.3,1.2775,2.7833,3.9076,7.7915,-0.9308,0.95684,1.5546,7.696,1.9332,4.2711,6.0339,12.304
2229,810.74,1171.7,1617.4,4151.1,1.2756,2.7845,3.9095,7.7989,-0.9308,0.95207,1.5449,7.4262,1.9296,4.2711,6.0338,12.31
2230,810.23,1171.8,1617.4,4155.5,1.2737,2.7857,3.9113,7.8062,-0.9308,0.9473,1.5351,7.1564,1.9261,4.271,6.0337,12.316
2231,809.72,1171.8,1617.4,4159.8,1.2719,2.7869,3.9131,7.8132,-0.9308,0.94314,1.527,6.8866,1.9225,4.2709,6.0335,12.321
2232,809.21,1171.8,1617.4,4163.8,1.27,2.788,3.915,7.82,-0.9308,0.93898,1.5188,6.6168,1.919,4.2709,6.0334,12.326
2233,808.7,1171.8,1617.4,4167.5,1.2682,2.7892,3.9167,7.8267,-0.9308,0.93482,1.5107,6.347,1.9155,4.2708,6.0333,12.331
2234,808.2,1171.8,1617.4,4171,1.2663,2.7903,3.9185,7.8331,-0.9308,0.93066,1.5026,6.0772,1.9119,4.2708,6.0331,12.336
2235,807.69,1171.9,1617.4,4174.3,1.2645,2.7915,3.9203,7.8394,-0.9308,0.9265,1.4945,5.8074,1.9084,4.2707,6.033,12.34
2236,807.19,1171.9,1617.5,4177.3,1.2626,2.7926,3.9221,7.8454,-0.9308,0.92234,1.4863,5.5376,1.9049,4.2707,6.0329,12.344
2237,806.69,1171.9,1617.5,4180.1,1.2608,2.7938,3.9238,7.8513,-0.9308,0.91818,1.4782,5.2678,1.9014,4.2706,6.0328,12.347
2238,806.19,1171.9,1617.5,4182.7,1.259,2.7949,3.9256,7.8569,-0.9308,0.91402,1.4701,4.998,1.898,4.2706,6.0326,12.351
2239,805.69,1172,1617.5,4185,1.2571,2.796,3.9273,7.8624,-0.9308,0.90986,1.4619,4.7283,1.8945,4.2705,6.0325,12.354
2240,805.19,1172,1617.5,4187.1,1.2553,2.7972,3.929,7.8676,-0.9308,0.9057,1.4538,4.4585,1.891,4.2704,6.0324,12.356
2241,804.7,1172,1617.5,4188.9,1.2534,2.7983,3.9307,7.8727,-0.9308,0.90206,1.447,4.1887,1.8876,4.2704,6.0323,12.358
2242,804.2,1172,1617.5,4190.6,1.2516,2.7994,3.9324,7.8776,-0.9308,0.89842,1.4402,3.9189,1.8841,4.2703,6.0321,12.361
2243,803.71,1172,1617.5,4191.9,1.2498,2.8005,3.9341,7.8823,-0.9308,0.89478,1.4335,3.6491,1.8807,4.2703,6.032,12.362
2244,803.21,1172.1,1617.5,4193,1.248,2.8016,3.9358,7.8868,-0.9308,0.89114,1.4267,3.3793,1.8773,4.2702,6.0319,12.364
2245,802.72,1172.1,1617.5,4193.9,1.2461,2.8027,3.9375,7.8911,-0.9308,0.8875,1.4199,3.1095,1.8739,4.2702,6.0318,12.365
2246,802.23,1172.1,1617.5,4194.6,1.2443,2.8038,3.9392,7.8952,-0.9308,0.88386,1.4131,2.8397,1.8705,4.2701,6.0317,12.365
2247,801.75,1172.1,1617.5,4194.9,1.2425,2.8049,3.9408,7.8992,-0.9308,0.88022,1.4063,2.5699,1.8671,4.2701,6.0315,12.366
2248,801.26,1172.1,1617.5,4195.1,1.2407,2.8059,3.9425,7.9029,-0.9308,0.87658,1.3996,2.3001,1.8637,4.27,6.0314,12.366
2249,800.77,1172.1,1617.5,4195,1.2389,2.807,3.9441,7.9065,-0.9308,0.87294,1.3928,2.088,1.8603,4.2699,6.0313,12.366
2250,800.77,1172.1,1617.5,4195,1.2376,2.8081,3.9457,7.9099,-0.9308,0.8693,1.386,2.0458,1.8603,4.2699,6.0313,12.366
2251,800.77,1172.1,1617.5,4195,1.2366,2.8092,3.9474,7.9133,-0.9308,0.8661,1.3809,2.05,1.8603,4.2699,6.0313,12.366
2252,800.77,1172.1,1617.5,4195,1.2357,2.8102,3.949,7.9166,-0.9308,0.8629,1.3757,2.0543,1.8603,4.2699,6.0313,12.366
2253,800.77,1172.1,1617.5,4195,1.235,2.8113,3.9507,7.9199,-0.9308,0.8597,1.3706,2.0585,1.8603,4.2699,6.0313,12.366
2254,800.77,1172.1,1617.5,4195,1.2344,2.8124,3.9523,7.9231,-0.9308,0.8565,1.3655,2.0628,1.8603,4.2699,6.0313,12.366
2255,800.77,1172.1,1617.5,4195,1.2338,2.8134,3.9539,7.9263,-0.9308,0.8533,1.3604,2.067,1.8603,4.2699,6.0313,12.366
2256,800.77,1172.1,1617.5,4195,1.2333,2.8145,3.9555,7.9294,-0.9308,0.8501,1.3552,2.0785,1.8603,4.2699,6.0313,12.366
2257,800.77,1172.1,1617.5,4195,1.2329,2.8156,3.9572,7.9325,-0.9308,0.8469,1.3501,2.09,1.8603,4.2699,6.0313,12.366
2258,800.77,1172.1,1617.5,4195,1.2325,2.8166,3.9588,7.9356,-0.9308,0.8437,1.345,2.1016,1.8603,4.2699,6.0313,12.366
2259,800.77,1172.1,1617.5,4195,1.2321,2.8177,3.9604,7.9386,-0.9308,0.8405,1.3398,2.1131,1.8603,4.2699,6.0313,12.366
2260,800.77,1172.1,1617.5,4195,1.2318,2.8187,3.962,7.9416,-0.9308,0.8373,1.3347,2.1246,1.8603,4.2699,6.0313,12.366
2261,800.77,1172.1,1617.5,4195,1.2315,2.8197,3.9635,7.9446,-0.9308,0.83445,1.3296,2.1217,1.8603,4.2699,6.0313,12.366
2262,800.77,1172.1,1617.5,4195,1.2312,2.8208,3.9651,7.9475,-0.9308,0.8316,1.3245,2.1189,1.8603,4.2699,6.0313,12.366
2263,800.77,1172.1,1617.5,4195,1.2309,2.8218,3.9667,7.9504,-0.9308,0.82875,1.3193,2.116,1.8603,4.2699,6.0313,12.366
2264,800.77,1172.1,1617.5,4195,1.2307,2.8228,3.9682,7.9533,-0.9308,0.8259,1.3142,2.1131,1.8603,4.2699,6.0313,12.366
2265,800.77,1172.1,1617.5,4195,1.2305,2.8238,3.9698,7.9561,-0.9308,0.82305,1.3091,2.1102,1.8603,4.2699,6.0313,12.366
2266,800.77,1172.1,1617.5,4195,1.2303,2.8249,3.9713,7.959,-0.9308,0.8202,1.304,2.1074,1.8603,4.2699,6.0313,12.366
2267,800.77,1172.1,1617.5,4195,1.2301,2.8259,3.9729,7.9618,-0.9308,0.81735,1.2988,2.1045,1.8603,4.2699,6.0313,12.366
2268,800.77,1172.1,1617.5,4195,1.23,2.8269,3.9744,7.9645,-0.9308,0.8145,1.2937,2.1016,1.8603,4.2699,6.0313,12.366
2269,800.77,1172.1,1617.5,4195,1.2298,2.8279,3.9759,7.9673,-0.9308,0.81165,1.2886,2.0987,1.8603,4.2699,6.0313,12.366
2270,800.77,1172.1,1617.5,4195,1.2297,2.8289,3.9775,7.97,-0.9308,0.8088,1.2834,2.0959,1.8603,4.2699,6.0313,12.366
2271,800.77,1172.1,1617.5,4195,1.2296,2.8299,3.979,7.9727,-0.9308,0.80629,1.2783,2.093,1.8603,4.2699,6.0313,12.366
2272,800.77,1172.1,1617.5,4195,1.2295,2.8309,3.9805,7.9754,-0.9308,0.80378,1.2732,2.0901,1.8603,4.2699,6.0313,12.366
2273,800.77,1172.1,1617.5,4195,1.2294,2.8319,3.982,7.9781,-0.9308,0.80127,1.2681,2.0872,1.8603,4.2699,6.0313,12.366
2274,800.77,1172.1,1617.5,4195,1.2293,2.8328,3.9835,7.9807,-0.9308,0.79876,1.2629,2.0844,1.8603,4.2699,6.0313,12.366
2275,800.77,1172.1,1617.5,4195,1.2292,2.8338,3.9849,7.9833,-0.9308,0.79625,1.2578,2.0815,1.8603,4.2699,6.0313,12.366
2276,800.77,1172.1,1617.5,4195,1.2291,2.8348,3.9864,7.9859,-0.9308,0.79374,1.2542,2.078,1.8603,4.2699,6.0313,12.366
2277,800.77,1172.1,1617.5,4195,1.2291,2.8358,3.9879,7.9885,-0.9308,0.79123,1.2507,2.0745,1.8603,4.2699,6.0313,12.366
2278,800.77,1172.1,1617.5,4195,1.229,2.8367,3.9893,7.991,-0.9308,0.78872,1.2471,2.071,1.8603,4.2699,6.0313,12.366
2279,800.77,1172.1,1617.5,4195,1.229,2.8377,3.9908,7.9936,-0.9308,0.78621,1.2435,2.0675,1.8603,4.2699,6.0313,12.366
2280,800.77,1172.1,1617.5,4195,1.2289,2.8387,3.9922,7.9961,-0.9308,0.7837,1.24,2.064,1.8603,4.2699,6.0313,12.366
2281,800.77,1172.1,1617.5,4195,1.2289,2.8396,3.9937,7.9986,-0.9308,0.78142,1.2364,2.0605,1.8603,4.2699,6.0313,12.366
2282,800.77,1172.1,1617.5,4195,1.2289,2.8406,3.9951,8.0011,-0.9308,0.77914,1.2328,2.057,1.8603,4.2699,6.0313,12.366
2283,800.77,1172.1,1617.5,4195,1.2289,2.8415,3.9966,8.0039,-0.9308,0.77686,1.2293,2.0535,1.8603,4.2699,6.0313,12.366
2284,800.77,1172.1,1617.5,4195,1.2289,2.8425,3.998,8.0068,-0.9308,0.77458,1.2257,2.05,1.8603,4.2699,6.0313,12.366
2285,800.77,1172.1,1617.5,4195,1.2288,2.8434,3.9994,8.0097,-0.9308,0.7723,1.2221,2.0465,1.8603,4.2699,6.0313,12.366
2286,800.77,1172.1,1617.5,4195,1.2289,2.8443,4.0008,8.0128,-0.9308,0.77002,1.2186,2.043,1.8603,4.2699,6.0313,12.366
2287,800.77,1172.1,1617.5,4195,1.2289,2.8453,4.0022,8.0158,-0.9308,0.76774,1.215,2.0395,1.8603,4.2699,6.0313,12.366
2288,800.77,1172.1,1617.5,4195,1.2289,2.8462,4.0036,8.0189,-0.9308,0.76546,1.2114,2.0361,1.8603,4.2699,6.0313,12.366
2289,800.77,1172.1,1617.5,4195,1.2289,2.8471,4.005,8.0219,-0.9308,0.76318,1.2078,2.0326,1.8603,4.2699,6.0313,12.366
2290,800.77,1172.1,1617.5,4195,1.2289,2.848,4.0064,8.025,-0.9308,0.7609,1.2043,2.0291,1.8603,4.2699,6.0313,12.366
2291,800.77,1172.1,1617.5,4195,1.2289,2.849,4.0078,8.028,-0.9308,0.75884,1.2007,2.0256,1.8603,4.2699,6.0313,12.366
2292,800.77,1172.1,1617.5,4195,1.229,2.8499,4.0091,8.031,-0.9308,0.75678,1.1971,2.0221,1.8603,4.2699,6.0313,12.366
2293,800.77,1172.1,1617.5,4195,1.229,2.8508,4.0105,8.0341,-0.9308,0.75472,1.1936,2.0186,1.8603,4.2699,6.0313,12.366
2294,800.77,1172.1,1617.5,4195,1.229,2.8517,4.0119,8.0371,-0.9308,0.75266,1.19,2.0151,1.8603,4.2699,6.0313,12.366
2295,800.77,1172.1,1617.5,4195,1.2291,2.8526,4.0132,8.0401,-0.9308,0.7506,1.1864,2.0116,1.8603,4.2699,6.0313,12.366
2296,800.77,1172.1,1617.5,4195,1.2291,2.8535,4.0146,8.0431,-0.9308,0.74854,1.1829,2.0081,1.8603,4.2699,6.0313,12.366
2297,800.77,1172.1,1617.5,4195,1.2292,2.8544,4.0159,8.046,-0.9308,0.74648,1.1793,2.0046,1.8603,4.2699,6.0313,12.366
2298,800.77,1172.1,1617.5,4195,1.2292,2.8553,4.0172,8.049,-0.9308,0.74442,1.1757,2.0011,1.8603,4.2699,6.0313,12.366
2299,800.77,1172.1,1617.5,4195,1.2293,2.8562,4.0186,8.052,-0.9308,0.74236,1.1722,1.9976,1.8603,4.2699,6.0313,12.366
2300,800.77,1172.1,1617.5,4195,1.2293,2.857,4.0199,8.0549,-0.9308,0.7403,1.1686,1.9941,1.8603,4.2699,6.0313,12.366
2301,800.77,1172.1,1617.5,4195,1.2294,2.8579,4.0212,8.0578,-0.9308,0.73871,1.166,1.992,1.8603,4.2699,6.0313,12.366
2302,800.77,1172.1,1617.5,4195,1.2295,2.8588,4.0225,8.0607,-0.9308,0.73713,1.1633,1.9899,1.8603,4.2699,6.0313,12.366
2303,800.77,1172.1,1617.5,4195,1.2295,2.8597,4.0238,8.0637,-0.9308,0.73554,1.1607,1.9878,1.8603,4.2699,6.0313,12.366
2304,800.77,1172.1,1617.5,4195,1.2296,2.8606,4.0251,8.0665,-0.9308,0.73396,1.1581,1.9857,1.8603,4.2699,6.0313,12.366
2305,800.77,1172.1,1617.5,4195,1.2297,2.8614,4.0264,8.0694,-0.9308,0.73237,1.1554,1.9835,1.8603,4.2699,6.0313,12.366
2306,800.77,1172.1,1617.5,4195,1.2297,2.8623,4.0277,8.0723,-0.9308,0.73078,1.1528,1.9814,1.8603,4.2699,6.0313,12.366
2307,800.77,1172.1,1617.5,4195,1.2298,2.8632,4.029,8.0751,-0.9308,0.7292,1.1501,1.9793,1.8603,4.2699,6.0313,12.366
2308,800.77,1172.1,1617.5,4195,1.2299,2.864,4.0303,8.078,-0.9308,0.72761,1.1475,1.9772,1.8603,4.2699,6.0313,12.366
2309,800.77,1172.1,1617.5,4195,1.23,2.8649,4.0316,8.0808,-0.9308,0.72603,1.1449,1.9751,1.8603,4.2699,6.0313,12.366
2310,800.77,1172.1,1617.5,4195,1.2301,2.8657,4.0329,8.0836,-0.9308,0.72444,1.1422,1.973,1.8603,4.2699,6.0313,12.366
2311,800.77,1172.1,1617.5,4195,1.2302,2.8666,4.0341,8.0864,-0.9308,0.72285,1.1396,1.9709,1.8603,4.2699,6.0313,12.366
2312,800.77,1172.1,1617.5,4195,1.2302,2.8674,4.0354,8.0892,-0.9308,0.72127,1.137,1.9688,1.8603,4.2699,6.0313,12.366
2313,800.77,1172.1,1617.5,4195,1.2303,2.8683,4.0366,8.092,-0.9308,0.71968,1.1343,1.9666,1.8603,4.2699,6.0313,12.366
2314,800.77,1172.1,1617.5,4195,1.2304,2.8691,4.0379,8.0948,-0.9308,0.7181,1.1317,1.9645,1.8603,4.2699,6.0313,12.366
2315,800.77,1172.1,1617.5,4195,1.2305,2.8699,4.0391,8.0975,-0.9308,0.71651,1.1291,1.9624,1.8603,4.2699,6.0313,12.366
2316,800.77,1172.1,1617.5,4195,1.2306,2.8708,4.0404,8.1003,-0.9308,0.71492,1.1264,1.9603,1.8603,4.2699,6.0313,12.366
2317,800.77,1172.1,1617.5,4195,1.2307,2.8716,4.0416,8.103,-0.9308,0.71334,1.1238,1.9582,1.8603,4.2699,6.0313,12.366
2318,800.77,1172.1,1617.5,4195,1.2308,2.8724,4.0429,8.1057,-0.9308,0.71175,1.1212,1.9561,1.8603,4.2699,6.0313,12.366
2319,800.77,1172.1,1617.5,4195,1.2309,2.8733,4.0441,8.1084,-0.9308,0.71017,1.1185,1.954,1.8603,4.2699,6.0313,12.366
2320,800.77,1172.1,1617.5,4195,1.231,2.8741,4.0453,8.1111,-0.9308,0.70858,1.1159,1.9519,1.8603,4.2699,6.0313,12.366
2321,800.77,1172.1,1617.5,4195,1.2311,2.8749,4.0465,8.1138,-0.9308,0.70699,1.1132,1.9497,1.8603,4.2699,6.0313,12.366
2322,800.77,1172.1,1617.5,4195,1.2312,2.8757,4.0477,8.1165,-0.9308,0.70541,1.1106,1.9476,1.8603,4.2699,6.0313,12.366
2323,800.77,1172.1,1617.5,4195,1.2313,2.8765,4.0489,8.1191,-0.9308,0.70382,1.108,1.9455,1.8603,4.2699,6.0313,12.366
2324,800.77,1172.1,1617.5,4195,1.2315,2.8774,4.0501,8.1218,-0.9308,0.70224,1.1053,1.9434,1.8603,4.2699,6.0313,12.366
2325,800.77,1172.1,1617.5,4195,1.2316,2.8782,4.0513,8.1244,-0.9308,0.70065,1.1027,1.9413,1.8603,4.2699,6.0313,12.366
2326,800.77,1172.1,1617.5,4195,1.2317,2.879,4.0525,8.127,-0.9308,0.69906,1.1006,1.9392,1.8603,4.2699,6.0313,12.366
2327,800.77,1172.1,1617.5,4195,1.2318,2.8798,4.0537,8.1297,-0.9308,0.69748,1.0986,1.9371,1.8603,4.2699,6.0313,12.366
2328,800.77,1172.1,1617.5,4195,1.2319,2.8806,4.0549,8.1323,-0.9308,0.69589,1.0965,1.935,1.8603,4.2699,6.0313,12.366
2329,800.77,1172.1,1617.5,4195,1.232,2.8814,4.0561,8.1349,-0.9308,0.69431,1.0944,1.9329,1.8603,4.2699,6.0313,12.366
2330,800.77,1172.1,1617.5,4195,1.2321,2.8822,4.0573,8.1374,-0.9308,0.69272,1.0924,1.9307,1.8603,4.2699,6.0313,12.366
2331,800.77,1172.1,1617.5,4195,1.2323,2.883,4.0584,8.14,-0.9308,0.69113,1.0903,1.9286,1.8603,4.2699,6.0313,12.366
2332,800.77,1172.1,1617.5,4195,1.2324,2.8837,4.0596,8.1426,-0.9308,0.68955,1.0882,1.9265,1.8603,4.2699,6.0313,12.366
2333,800.77,1172.1,1617.5,4195,1.2325,2.8845,4.0608,8.1451,-0.9308,0.68796,1.0862,1.9244,1.8603,4.2699,6.0313,12.366
2334,800.77,1172.1,1617.5,4195,1.2326,2.8853,4.0619,8.1477,-0.9308,0.68638,1.0841,1.9223,1.8603,4.2699,6.0313,12.366
2335,800.77,1172.1,1617.5,4195,1.2328,2.8861,4.0631,8.1502,-0.9308,0.68479,1.082,1.9202,1.8603,4.2699,6.0313,12.366
2336,800.77,1172.1,1617.5,4195,1.2329,2.8869,4.0642,8.1527,-0.9308,0.6832,1.08,1.9181,1.8603,4.2699,6.0313,12.366
2337,800.77,1172.1,1617.5,4195,1.233,2.8876,4.0654,8.1552,-0.9308,0.68162,1.0779,1.916,1.8603,4.2699,6.0313,12.366
2338,800.77,1172.1,1617.5,4195,1.2331,2.8884,4.0665,8.1577,-0.9308,0.68003,1.0758,1.9138,1.8603,4.2699,6.0313,12.366
2339,800.77,1172.1,1617.5,4195,1.2333,2.8892,4.0677,8.1602,-0.9308,0.67845,1.0737,1.9117,1.8603,4.2699,6.0313,12.366
2340,800.77,1172.1,1617.5,4195,1.2334,2.89,4.0688,8.1627,-0.9308,0.67686,1.0717,1.9096,1.8603,4.2699,6.0313,12.366
2341,800.77,1172.1,1617.5,4195,1.2335,2.8907,4.0699,8.1652,-0.9308,0.67527,1.0696,1.9075,1.8603,4.2699,6.0313,12.366
2342,800.77,1172.1,1617.5,4195,1.2336,2.8915,4.0711,8.1676,-0.9308,0.67369,1.0675,1.9054,1.8603,4.2699,6.0313,12.366
2343,800.77,1172.1,1617.5,4195,1.2338,2.8922,4.0722,8.1701,-0.9308,0.6721,1.0655,1.9033,1.8603,4.2699,6.0313,12.366
2344,800.77,1172.1,1617.5,4195,1.2339,2.893,4.0733,8.1725,-0.9308,0.67052,1.0634,1.9012,1.8603,4.2699,6.0313,12.366
2345,800.77,1172.1,1617.5,4195,1.234,2.8938,4.0744,8.175,-0.9308,0.66893,1.0613,1.8991,1.8603,4.2699,6.0313,12.366
2346,800.77,1172.1,1617.5,4195,1.2342,2.8945,4.0755,8.1774,-0.9308,0.66734,1.0593,1.8969,1.8603,4.2699,6.0313,12.366
2347,800.77,1172.1,1617.5,4195,1.2343,2.8953,4.0766,8.1798,-0.9308,0.66576,1.0572,1.8948,1.8603,4.2699,6.0313,12.366
2348,800.77,1172.1,1617.5,4195,1.2344,2.896,4.0777,8.1822,-0.9308,0.66417,1.0551,1.8927,1.8603,4.2699,6.0313,12.366
2349,800.77,1172.1,1617.5,4195,1.2346,2.8967,4.0788,8.1846,-0.9308,0.66259,1.0531,1.8906,1.8603,4.2699,6.0313,12.366
2350,800.77,1172.1,1617.5,4195,1.2347,2.8975,4.0799,8.187,-0.9308,0.661,1.051,1.8885,1.8603,4.2699,6.0313,12.366
2351,800.77,1172.1,1617.5,4195,1.2348,2.8982,4.081,8.1894,-0.9308,0.65989,1.0493,1.886,1.8603,4.2699,6.0313,12.366
2352,800.77,1172.1,1617.5,4195,1.235,2.899,4.0821,8.1918,-0.9308,0.65877,1.0476,1.8835,1.8603,4.2699,6.0313,12.366
2353,800.77,1172.1,1617.5,4195,1.2351,2.8997,4.0832,8.1941,-0.9308,0.65766,1.0459,1.881,1.8603,4.2699,6.0313,12.366
2354,800.77,1172.1,1617.5,4195,1.2353,2.9004,4.0842,8.1965,-0.9308,0.65654,1.0442,1.8785,1.8603,4.2699,6.0313,12.366
2355,800.77,1172.1,1617.5,4195,1.2354,2.9012,4.0853,8.1988,-0.9308,0.65543,1.0425,1.876,1.8603,4.2699,6.0313,12.366
2356,800.77,1172.1,1617.5,4195,1.2355,2.9019,4.0864,8.2012,-0.9308,0.65432,1.0408,1.8735,1.8603,4.2699,6.0313,12.366
2357,800.77,1172.1,1617.5,4195,1.2357,2.9026,4.0875,8.2035,-0.9308,0.6532,1.039,1.871,1.8603,4.2699,6.0313,12.366
2358,800.77,1172.1,1617.5,4195,1.2358,2.9033,4.0885,8.2058,-0.9308,0.65209,1.0373,1.8685,1.8603,4.2699,6.0313,12.366
2359,800.77,1172.1,1617.5,4195,1.236,2.9041,4.0896,8.2081,-0.9308,0.65097,1.0356,1.8659,1.8603,4.2699,6.0313,12.366
2360,800.77,1172.1,1617.5,4195,1.2361,2.9048,4.0906,8.2104,-0.9308,0.64986,1.0339,1.8634,1.8603,4.2699,6.0313,12.366
2361,800.77,1172.1,1617.5,4195,1.2362,2.9055,4.0917,8.2127,-0.9308,0.64875,1.0322,1.8609,1.8603,4.2699,6.0313,12.366
2362,800.77,1172.1,1617.5,4195,1.2364,2.9062,4.0927,8.215,-0.9308,0.64763,1.0305,1.8584,1.8603,4.2699,6.0313,12.366
2363,800.77,1172.1,1617.5,4195,1.2365,2.9069,4.0938,8.2173,-0.9308,0.64652,1.0288,1.8559,1.8603,4.2699,6.0313,12.366
2364,800.77,1172.1,1617.5,4195,1.2367,2.9076,4.0948,8.2195,-0.9308,0.6454,1.0271,1.8534,1.8603,4.2699,6.0313,12.366
2365,800.77,1172.1,1617.5,4195,1.2368,2.9083,4.0959,8.2218,-0.9308,0.64429,1.0254,1.8509,1.8603,4.2699,6.0313,12.366
2366,800.77,1172.1,1617.5,4195,1.237,2.9091,4.0969,8.2241,-0.9308,0.64318,1.0237,1.8484,1.8603,4.2699,6.0313,12.366
2367,800.77,1172.1,1617.5,4195,1.2371,2.9098,4.0979,8.2263,-0.9308,0.64206,1.022,1.8459,1.8603,4.2699,6.0313,12.366
2368,800.77,1172.1,1617.5,4195,1.2373,2.9105,4.099,8.2285,-0.9308,0.64095,1.0203,1.8434,1.8603,4.2699,6.0313,12.366
2369,800.77,1172.1,1617.5,4195,1.2374,2.9112,4.1,8.2308,-0.9308,0.63983,1.0185,1.8409,1.8603,4.2699,6.0313,12.366
2370,800.77,1172.1,1617.5,4195,1.2375,2.9119,4.101,8.233,-0.9308,0.63872,1.0168,1.8384,1.8603,4.2699,6.0313,12.366
2371,800.77,1172.1,1617.5,4195,1.2377,2.9125,4.102,8.2352,-0.9308,0.63761,1.0151,1.8359,1.8603,4.2699,6.0313,12.366
2372,800.77,1172.1,1617.5,4195,1.2378,2.9132,4.103,8.2374,-0.9308,0.63649,1.0134,1.8334,1.8603,4.2699,6.0313,12.366
2373,800.77,1172.1,1617.5,4195,1.238,2.9139,4.104,8.2396,-0.9308,0.63538,1.0117,1.8309,1.8603,4.2699,6.0313,12.366
2374,800.77,1172.1,1617.5,4195,1.2381,2.9146,4.1051,8.2418,-0.9308,0.63426,1.01,1.8284,1.8603,4.2699,6.0313,12.366
2375,800.77,1172.1,1617.5,4195,1.2383,2.9153,4.1061,8.244,-0.9308,0.63315,1.0083,1.8258,1.8603,4.2699,6.0313,12.366
2376,800.77,1172.1,1617.5,4195,1.2384,2.916,4.1071,8.2462,-0.9308,0.63204,1.0068,1.8233,1.8603,4.2699,6.0313,12.366
2377,800.77,1172.1,1617.5,4195,1.2386,2.9167,4.1081,8.2483,-0.9308,0.63092,1.0053,1.8208,1.8603,4.2699,6.0313,12.366
2378,800.77,1172.1,1617.5,4195,1.2387,2.9173,4.1091,8.2505,-0.9308,0.62981,1.0038,1.8183,1.8603,4.2699,6.0313,12.366
2379,800.77,1172.1,1617.5,4195,1.2389,2.918,4.11,8.2527,-0.9308,0.62869,1.0024,1.8158,1.8603,4.2699,6.0313,12.366
2380,800.77,1172.1,1617.5,4195,1.239,2.9187,4.111,8.2548,-0.9308,0.62758,1.0009,1.8133,1.8603,4.2699,6.0313,12.366
2381,800.77,1172.1,1617.5,4195,1.2392,2.9194,4.112,8.2569,-0.9308,0.62647,0.9994,1.8108,1.8603,4.2699,6.0313,12.366
2382,800.77,1172.1,1617.5,4195,1.2393,2.92,4.113,8.2591,-0.9308,0.62535,0.99791,1.8083,1.8603,4.2699,6.0313,12.366
2383,800.77,1172.1,1617.5,4195,1.2395,2.9207,4.114,8.2612,-0.9308,0.62424,0.99643,1.8058,1.8603,4.2699,6.0313,12.366
2384,800.77,1172.1,1617.5,4195,1.2396,2.9214,4.115,8.2633,-0.9308,0.62312,0.99494,1.8033,1.8603,4.2699,6.0313,12.366
2385,800.77,1172.1,1617.5,4195,1.2398,2.9221,4.1159,8.2654,-0.9308,0.62201,0.99346,1.8008,1.8603,4.2699,6.0313,12.366
2386,800.77,1172.1,1617.5,4195,1.2399,2.9227,4.1169,8.2676,-0.9308,0.6209,0.99198,1.7983,1.8603,4.2699,6.0313,12.366
2387,800.77,1172.1,1617.5,4195,1.2401,2.9234,4.1179,8.2697,-0.9308,0.61978,0.99049,1.7958,1.8603,4.2699,6.0313,12.366
2388,800.77,1172.1,1617.5,4195,1.2402,2.924,4.1188,8.2718,-0.9308,0.61867,0.98901,1.7933,1.8603,4.2699,6.0313,12.366
2389,800.77,1172.1,1617.5,4195,1.2404,2.9247,4.1198,8.2738,-0.9308,0.61755,0.98752,1.7908,1.8603,4.2699,6.0313,12.366
2390,800.77,1172.1,1617.5,4195,1.2405,2.9254,4.1207,8.2759,-0.9308,0.61644,0.98604,1.7883,1.8603,4.2699,6.0313,12.366
2391,800.77,1172.1,1617.5,4195,1.2407,2.926,4.1217,8.278,-0.9308,0.61533,0.98456,1.7858,1.8603,4.2699,6.0313,12.366
2392,800.77,1172.1,1617.5,4195,1.2408,2.9267,4.1227,8.2801,-0.9308,0.61421,0.98307,1.7832,1.8603,4.2699,6.0313,12.366
2393,800.77,1172.1,1617.5,4195,1.241,2.9273,4.1236,8.2821,-0.9308,0.6131,0.98159,1.7807,1.8603,4.2699,6.0313,12.366
2394,800.77,1172.1,1617.5,4195,1.2411,2.928,4.1245,8.2842,-0.9308,0.61198,0.9801,1.7782,1.8603,4.2699,6.0313,12.366
2395,800.77,1172.1,1617.5,4195,1.2413,2.9286,4.1255,8.2862,-0.9308,0.61087,0.97862,1.7757,1.8603,4.2699,6.0313,12.366
2396,800.77,1172.1,1617.5,4195,1.2414,2.9293,4.1264,8.2883,-0.9308,0.60976,0.97714,1.7732,1.8603,4.2699,6.0313,12.366
2397,800.77,1172.1,1617.5,4195,1.2416,2.9299,4.1274,8.2903,-0.9308,0.60864,0.97565,1.7707,1.8603,4.2699,6.0313,12.366
2398,800.77,1172.1,1617.5,4195,1.2417,2.9305,4.1283,8.2923,-0.9308,0.60753,0.97417,1.7682,1.8603,4.2699,6.0313,12.366
2399,800.77,1172.1,1617.5,4195,1.2419,2.9312,4.1292,8.2944,-0.9308,0.60641,0.97268,1.7657,1.8603,4.2699,6.0313,12.366
2400,800.77,1172.1,1617.5,4195,1.242,2.9318,4.1302,8.2964,-0.9308,0.6053,0.9712,1.7632,1.8603,4.2699,6.0313,12.366
2401,800.77,1172.1,1617.5,4195,1.2422,2.9324,4.1311,8.2984,-0.9308,0.60443,0.96989,1.7603,1.8603,4.2699,6.0313,12.366
2402,800.77,1172.1,1617.5,4195,1.2424,2.9331,4.132,8.3004,-0.9308,0.60357,0.96858,1.7574,1.8603,4.2699,6.0313,12.366
2403,800.77,1172.1,1617.5,4195,1.2425,2.9337,4.1329,8.3024,-0.9308,0.6027,0.96726,1.7544,1.8603,4.2699,6.0313,12.366
2404,800.77,1172.1,1617.5,4195,1.2427,2.9343,4.1338,8.3044,-0.9308,0.60184,0.96595,1.7515,1.8603,4.2699,6.0313,12.366
2405,800.77,1172.1,1617.5,4195,1.2428,2.935,4.1348,8.3064,-0.9308,0.60097,0.96464,1.7486,1.8603,4.2699,6.0313,12.366
2406,800.77,1172.1,1617.5,4195,1.243,2.9356,4.1357,8.3084,-0.9308,0.6001,0.96333,1.7457,1.8603,4.2699,6.0313,12.366
2407,800.77,1172.1,1617.5,4195,1.2431,2.9362,4.1366,8.3103,-0.9308,0.59924,0.96202,1.7427,1.8603,4.2699,6.0313,12.366
2408,800.77,1172.1,1617.5,4195,1.2433,2.9368,4.1375,8.3123,-0.9308,0.59837,0.9607,1.7398,1.8603,4.2699,6.0313,12.366
2409,800.77,1172.1,1617.5,4195,1.2434,2.9375,4.1384,8.3143,-0.9308,0.59751,0.95939,1.7369,1.8603,4.2699,6.0313,12.366
2410,800.77,1172.1,1617.5,4195,1.2436,2.9381,4.1393,8.3162,-0.9308,0.59664,0.95808,1.734,1.8603,4.2699,6.0313,12.366
2411,800.77,1172.1,1617.5,4195,1.2437,2.9387,4.1402,8.3182,-0.9308,0.59577,0.95677,1.7311,1.8603,4.2699,6.0313,12.366
2412,800.77,1172.1,1617.5,4195,1.2439,2.9393,4.1411,8.3201,-0.9308,0.59491,0.95546,1.7281,1.8603,4.2699,6.0313,12.366
2413,800.77,1172.1,1617.5,4195,1.244,2.9399,4.142,8.3221,-0.9308,0.59404,0.95414,1.7252,1.8603,4.2699,6.0313,12.366
2414,800.77,1172.1,1617.5,4195,1.2442,2.9406,4.1429,8.324,-0.9308,0.59318,0.95283,1.7223,1.8603,4.2699,6.0313,12.366
2415,800.77,1172.1,1617.5,4195,1.2443,2.9412,4.1438,8.3259,-0.9308,0.59231,0.95152,1.7194,1.8603,4.2699,6.0313,12.366
2416,800.77,1172.1,1617.5,4195,1.2445,2.9418,4.1446,8.3279,-0.9308,0.59144,0.95021,1.7164,1.8603,4.2699,6.0313,12.366
2417,800.77,1172.1,1617.5,4195,1.2446,2.9424,4.1455,8.3298,-0.9308,0.59058,0.9489,1.7135,1.8603,4.2699,6.0313,12.366
2418,800.77,1172.1,1617.5,4195,1.2448,2.943,4.1464,8.3317,-0.9308,0.58971,0.94758,1.7106,1.8603,4.2699,6.0313,12.366
2419,800.77,1172.1,1617.5,4195,1.245,2.9436,4.1473,8.3336,-0.9308,0.58885,0.94627,1.7077,1.8603,4.2699,6.0313,12.366
2420,800.77,1172.1,1617.5,4195,1.2451,2.9442,4.1482,8.3355,-0.9308,0.58798,0.94496,1.7048,1.8603,4.2699,6.0313,12.366
2421,800.77,1172.1,1617.5,4195,1.2453,2.9448,4.149,8.3374,-0.9308,0.58711,0.94365,1.7018,1.8603,4.2699,6.0313,12.366
2422,800.77,1172.1,1617.5,4195,1.2454,2.9454,4.1499,8.3393,-0.9308,0.58625,0.94234,1.6989,1.8603,4.2699,6.0313,12.366
2423,800.77,1172.1,1617.5,4195,1.2456,2.946,4.1508,8.3412,-0.9308,0.58538,0.94102,1.696,1.8603,4.2699,6.0313,12.366
2424,800.77,1172.1,1617.5,4195,1.2457,2.9466,4.1516,8.3431,-0.9308,0.58452,0.93971,1.6931,1.8603,4.2699,6.0313,12.366
2425,800.77,1172.1,1617.5,4195,1.2459,2.9472,4.1525,8.345,-0.9308,0.58365,0.9384,1.6902,1.8603,4.2699,6.0313,12.366
2426,800.77,1172.1,1617.5,4195,1.246,2.9478,4.1534,8.3468,-0.9308,0.58278,0.9372,1.6872,1.8603,4.2699,6.0313,12.366
2427,800.77,1172.1,1617.5,4195,1.2462,2.9484,4.1542,8.3487,-0.9308,0.58192,0.93599,1.6843,1.8603,4.2699,6.0313,12.366
2428,800.77,1172.1,1617.5,4195,1.2463,2.949,4.1551,8.3506,-0.9308,0.58105,0.93479,1.6814,1.8603,4.2699,6.0313,12.366
2429,800.77,1172.1,1617.5,4195,1.2465,2.9495,4.1559,8.3524,-0.9308,0.58019,0.93358,1.6785,1.8603,4.2699,6.0313,12.366
2430,800.77,1172.1,1617.5,4195,1.2466,2.9501,4.1568,8.3543,-0.9308,0.57932,0.93238,1.6755,1.8603,4.2699,6.0313,12.366
2431,800.77,1172.1,1617.5,4195,1.2468,2.9507,4.1576,8.3561,-0.9308,0.57845,0.93118,1.6726,1.8603,4.2699,6.0313,12.366
2432,800.77,1172.1,1617.5,4195,1.247,2.9513,4.1585,8.358,-0.9308,0.57759,0.92997,1.6697,1.8603,4.2699,6.0313,12.366
2433,800.77,1172.1,1617.5,4195,1.2471,2.9519,4.1593,8.3598,-0.9308,0.57672,0.92877,1.6668,1.8603,4.2699,6.0313,12.366
2434,800.77,1172.1,1617.5,4195,1.2473,2.9525,4.1602,8.3616,-0.9308,0.57586,0.92756,1.6639,1.8603,4.2699,6.0313,12.366
2435,800.77,1172.1,1617.5,4195,1.2474,2.953,4.161,8.3635,-0.9308,0.57499,0.92636,1.6609,1.8603,4.2699,6.0313,12.366
2436,800.77,1172.1,1617.5,4195,1.2476,2.9536,4.1618,8.3653,-0.9308,0.57412,0.92516,1.658,1.8603,4.2699,6.0313,12.366
2437,800.77,1172.1,1617.5,4195,1.2477,2.9542,4.1627,8.3671,-0.9308,0.57326,0.92395,1.6551,1.8603,4.2699,6.0313,12.366
2438,800.77,1172.1,1617.5,4195,1.2479,2.9548,4.1635,8.3689,-0.9308,0.57239,0.92275,1.6522,1.8603,4.2699,6.0313,12.366
2439,800.77,1172.1,1617.5,4195,1.248,2.9553,4.1643,8.3707,-0.9308,0.57153,0.92154,1.6492,1.8603,4.2699,6.0313,12.366
2440,800.77,1172.1,1617.5,4195,1.2482,2.9559,4.1652,8.3725,-0.9308,0.57066,0.92034,1.6463,1.8603,4.2699,6.0313,12.366
2441,800.77,1172.1,1617.5,4195,1.2483,2.9565,4.166,8.3743,-0.9308,0.56979,0.91914,1.6434,1.8603,4.2699,6.0313,12.366
2442,800.77,1172.1,1617.5,4195,1.2485,2.9571,4.1668,8.3761,-0.9308,0.56893,0.91793,1.6405,1.8603,4.2699,6.0313,12.366
2443,800.77,1172.1,1617.5,4195,1.2486,2.9576,4.1676,8.3779,-0.9308,0.56806,0.91673,1.6376,1.8603,4.2699,6.0313,12.366
2444,800.77,1172.1,1617.5,4195,1.2488,2.9582,4.1685,8.3797,-0.9308,0.5672,0.91552,1.6346,1.8603,4.2699,6.0313,12.366
2445,800.77,1172.1,1617.5,4195,1.2489,2.9588,4.1693,8.3815,-0.9308,0.56633,0.91432,1.6317,1.8603,4.2699,6.0313,12.366
2446,800.77,1172.1,1617.5,4195,1.2491,2.9593,4.1701,8.3833,-0.9308,0.56546,0.91312,1.6288,1.8603,4.2699,6.0313,12.366
2447,800.77,1172.1,1617.5,4195,1.2492,2.9599,4.1709,8.385,-0.9308,0.5646,0.91191,1.6259,1.8603,4.2699,6.0313,12.366
2448,800.77,1172.1,1617.5,4195,1.2494,2.9604,4.1717,8.3868,-0.9308,0.56373,0.91071,1.6229,1.8603,4.2699,6.0313,12.366
2449,800.77,1172.1,1617.5,4195,1.2496,2.961,4.1725,8.3886,-0.9308,0.56287,0.9095,1.62,1.8603,4.2699,6.0313,12.366
2450,800.77,1172.1,1617.5,4195,1.2497,2.9616,4.1733,8.3903,-0.9308,0.562,0.9083,1.6171,1.8603,4.2699,6.0313,12.366
2451,800.77,1172.1,1617.5,4195,1.2499,2.9621,4.1741,8.3921,-0.9308,0.56425,0.90718,1.6144,1.8603,4.2699,6.0313,12.366
2452,800.77,1172.1,1617.5,4195,1.25,2.9627,4.1749,8.3938,-0.9308,0.5665,0.90605,1.6118,1.8603,4.2699,6.0313,12.366
2453,800.77,1172.1,1617.5,4195,1.2502,2.9632,4.1757,8.3956,-0.9308,0.56875,0.90493,1.6092,1.8603,4.2699,6.0313,12.366
2454,800.77,1172.1,1617.5,4195,1.2503,2.9638,4.1765,8.3973,-0.9308,0.571,0.9038,1.6065,1.8603,4.2699,6.0313,12.366
2455,800.77,1172.1,1617.5,4195,1.2505,2.9643,4.1773,8.399,-0.9308,0.57325,0.90268,1.6038,1.8603,4.2699,6.0313,12.366
2456,800.77,1172.1,1617.5,4195,1.2506,2.9649,4.1781,8.4008,-0.9308,0.5755,0.90156,1.6012,1.8603,4.2699,6.0313,12.366
2457,800.77,1172.1,1617.5,4195,1.2508,2.9654,4.1789,8.4025,-0.9308,0.57775,0.90043,1.5985,1.8603,4.2699,6.0313,12.366
2458,800.77,1172.1,1617.5,4195,1.2509,2.966,4.1797,8.4042,-0.9308,0.58,0.89931,1.5959,1.8603,4.2699,6.0313,12.366
2459,800.77,1172.1,1617.5,4195,1.2511,2.9665,4.1805,8.4059,-0.9308,0.58225,0.89818,1.5933,1.8603,4.2699,6.0313,12.366
2460,800.77,1172.1,1617.5,4195,1.2512,2.9671,4.1813,8.4076,-0.9308,0.5845,0.89706,1.5906,1.8603,4.2699,6.0313,12.366
2461,800.77,1172.1,1617.5,4195,1.2514,2.9676,4.1821,8.4094,-0.9308,0.58675,0.89594,1.5879,1.8603,4.2699,6.0313,12.366
2462,800.77,1172.1,1617.5,4195,1.2515,2.9681,4.1828,8.4111,-0.9308,0.589,0.89481,1.5853,1.8603,4.2699,6.0313,12.366
2463,800.77,1172.1,1617.5,4195,1.2517,2.9687,4.1836,8.4128,-0.9308,0.59125,0.89369,1.5826,1.8603,4.2699,6.0313,12.366
2464,800.77,1172.1,1617.5,4195,1.2518,2.9692,4.1844,8.4145,-0.9308,0.5935,0.89256,1.58,1.8603,4.2699,6.0313,12.366
2465,800.77,1172.1,1617.5,4195,1.252,2.9698,4.1852,8.4161,-0.9308,0.59575,0.89144,1.5774,1.8603,4.2699,6.0313,12.366
2466,800.77,1172.1,1617.5,4195,1.2521,2.9703,4.1859,8.4178,-0.9308,0.598,0.89032,1.5747,1.8603,4.2699,6.0313,12.366
2467,800.77,1172.1,1617.5,4195,1.2523,2.9708,4.1867,8.4195,-0.9308,0.60025,0.88919,1.572,1.8603,4.2699,6.0313,12.366
2468,800.77,1172.1,1617.5,4195,1.2524,2.9714,4.1875,8.4212,-0.9308,0.6025,0.88807,1.5694,1.8603,4.2699,6.0313,12.366
2469,800.77,1172.1,1617.5,4195,1.2526,2.9719,4.1882,8.4229,-0.9308,0.60475,0.88694,1.5668,1.8603,4.2699,6.0313,12.366
2470,800.77,1172.1,1617.5,4195,1.2527,2.9724,4.189,8.4246,-0.9308,0.607,0.88582,1.5641,1.8603,4.2699,6.0313,12.366
2471,800.77,1172.1,1617.5,4195,1.2529,2.9729,4.1898,8.4262,-0.9308,0.60925,0.8847,1.5615,1.8603,4.2699,6.0313,12.366
2472,800.77,1172.1,1617.5,4195,1.253,2.9735,4.1905,8.4279,-0.9308,0.6115,0.88357,1.5588,1.8603,4.2699,6.0313,12.366
2473,800.77,1172.1,1617.5,4195,1.2532,2.974,4.1913,8.4295,-0.9308,0.61375,0.88245,1.5561,1.8603,4.2699,6.0313,12.366
2474,800.77,1172.1,1617.5,4195,1.2533,2.9745,4.1921,8.4312,-0.9308,0.616,0.88132,1.5535,1.8603,4.2699,6.0313,12.366
2475,800.77,1172.1,1617.5,4195,1.2535,2.975,4.1928,8.4329,-0.9308,0.61825,0.8802,1.5509,1.8603,4.2699,6.0313,12.366
2476,800.77,1172.1,1617.5,4195,1.2536,2.9756,4.1936,8.4345,-0.9308,0.6205,0.87915,1.5482,1.8603,4.2699,6.0313,12.366
2477,800.77,1172.1,1617.5,4195,1.2538,2.9761,4.1943,8.4361,-0.9308,0.62275,0.8781,1.5455,1.8603,4.2699,6.0313,12.366
2478,800.77,1172.1,1617.5,4195,1.2539,2.9766,4.1951,8.4378,-0.9308,0.625,0.87706,1.5429,1.8603,4.2699,6.0313,12.366
2479,800.77,1172.1,1617.5,4195,1.2541,2.9771,4.1958,8.4394,-0.9308,0.62725,0.87601,1.5402,1.8603,4.2699,6.0313,12.366
2480,800.77,1172.1,1617.5,4195,1.2542,2.9777,4.1966,8.4411,-0.9308,0.6295,0.87496,1.5376,1.8603,4.2699,6.0313,12.366
2481,800.77,1172.1,1617.5,4195,1.2544,2.9782,4.1973,8.4427,-0.9308,0.63175,0.87391,1.535,1.8603,4.2699,6.0313,12.366
2482,800.77,1172.1,1617.5,4195,1.2545,2.9787,4.198,8.4443,-0.9308,0.634,0.87286,1.5323,1.8603,4.2699,6.0313,12.366
2483,800.77,1172.1,1617.5,4195,1.2547,2.9792,4.1988,8.4459,-0.9308,0.63625,0.87182,1.5296,1.8603,4.2699,6.0313,12.366
2484,800.77,1172.1,1617.5,4195,1.2548,2.9797,4.1995,8.4475,-0.9308,0.6385,0.87077,1.527,1.8603,4.2699,6.0313,12.366
2485,800.77,1172.1,1617.5,4195,1.255,2.9802,4.2003,8.4492,-0.9308,0.64075,0.86972,1.5244,1.8603,4.2699,6.0313,12.366
2486,800.77,1172.1,1617.5,4195,1.2551,2.9807,4.201,8.4508,-0.9308,0.643,0.86867,1.5217,1.8603,4.2699,6.0313,12.366
2487,800.77,1172.1,1617.5,4195,1.2553,2.9812,4.2017,8.4524,-0.9308,0.64525,0.86762,1.5191,1.8603,4.2699,6.0313,12.366
2488,800.77,1172.1,1617.5,4195,1.2554,2.9817,4.2025,8.454,-0.9308,0.6475,0.86658,1.5164,1.8603,4.2699,6.0313,12.366
2489,800.77,1172.1,1617.5,4195,1.2556,2.9823,4.2032,8.4556,-0.9308,0.64975,0.86553,1.5137,1.8603,4.2699,6.0313,12.366
2490,800.77,1172.1,1617.5,4195,1.2557,2.9828,4.2039,8.4572,-0.9308,0.652,0.86448,1.5111,1.8603,4.2699,6.0313,12.366
2491,800.77,1172.1,1617.5,4195,1.2558,2.9833,4.2046,8.4588,-0.9308,0.65425,0.86343,1.5085,1.8603,4.2699,6.0313,12.366
2492,800.77,1172.1,1617.5,4195,1.256,2.9838,4.2054,8.4603,-0.9308,0.6565,0.86238,1.5058,1.8603,4.2699,6.0313,12.366
2493,800.77,1172.1,1617.5,4195,1.2561,2.9843,4.2061,8.4619,-0.9308,0.65875,0.86134,1.5031,1.8603,4.2699,6.0313,12.366
2494,800.77,1172.1,1617.5,4195,1.2563,2.9848,4.2068,8.4635,-0.9308,0.661,0.86029,1.5005,1.8603,4.2699,6.0313,12.366
2495,800.77,1172.1,1617.5,4195,1.2564,2.9853,4.2075,8.4651,-0.9308,0.66325,0.85924,1.4978,1.8603,4.2699,6.0313,12.366
2496,800.77,1172.1,1617.5,4195,1.2566,2.9858,4.2083,8.4667,-0.9308,0.6655,0.85819,1.4952,1.8603,4.2699,6.0313,12.366
2497,800.77,1172.1,1617.5,4195,1.2567,2.9863,4.209,8.4682,-0.9308,0.66775,0.85714,1.4926,1.8603,4.2699,6.0313,12.366
2498,800.77,1172.1,1617.5,4195,1.2569,2.9868,4.2097,8.4698,-0.9308,0.67,0.8561,1.4899,1.8603,4.2699,6.0313,12.366
2499,800.77,1172.1,1617.5,4195,1.257,2.9873,4.2104,8.4714,-0.9308,0.67225,0.85505,1.4872,1.8603,4.2699,6.0313,12.366
2500,800.77,1172.1,1617.5,4195,1.2572,2.9878,4.2111,8.4729,-0.9308,0.6745,0.854,1.4846,1.8603,4.2699,6.0313,12.366
2501,800.77,1172.1,1617.5,4195,1.2573,2.9882,4.2118,8.4745,0,0,0,0,1.8603,4.2699,6.0313,12.366
2502,800.77,1172.1,1617.5,4195,1.2575,2.9887,4.2125,8.476,0,0,0,0,1.8603,4.2699,6.0313,12.366
2503,800.77,1172.1,1617.5,4195,1.2576,2.9892,4.2132,8.4776,0,0,0,0,1.8603,4.2699,6.0313,12.366
2504,800.77,1172.1,1617.5,4195,1.2577,2.9897,4.2139,8.4791,0,0,0,0,1.8603,4.2699,6.0313,12.366
2505,800.77,1172.1,1617.5,4195,1.2579,2.9902,4.2146,8.4807,0,0,0,0,1.8603,4.2699,6.0313,12.366
2506,800.77,1172.1,1617.5,4195,1.258,2.9907,4.2153,8.4822,0,0,0,0,1.8603,4.2699,6.0313,12.366
2507,800.77,1172.1,1617.5,4195,1.2582,2.9912,4.216,8.4837,0,0,0,0,1.8603,4.2699,6.0313,12.366
2508,800.77,1172.1,1617.5,4195,1.2583,2.9917,4.2167,8.4853,0,0,0,0,1.8603,4.2699,6.0313,12.366
2509,800.77,1172.1,1617.5,4195,1.2585,2.9921,4.2174,8.4868,0,0,0,0,1.8603,4.2699,6.0313,12.366
2510,800.77,1172.1,1617.5,4195,1.2586,2.9926,4.2181,8.4883,0,0,0,0,1.8603,4.2699,6.0313,12.366
2511,800.77,1172.1,1617.5,4195,1.2588,2.9931,4.2188,8.4898,0,0,0,0,1.8603,4.2699,6.0313,12.366
2512,800.77,1172.1,1617.5,4195,1.2589,2.9936,4.2195,8.4914,0,0,0,0,1.8603,4.2699,6.0313,12.366
2513,800.77,1172.1,1617.5,4195,1.259,2.9941,4.2202,8.4929,0,0,0,0,1.8603,4.2699,6.0313,12.366
2514,800.77,1172.1,1617.5,4195,1.2592,2.9945,4.2209,8.4944,0,0,0,0,1.8603,4.2699,6.0313,12.366
2515,800.77,1172.1,1617.5,4195,1.2593,2.995,4.2216,8.4959,0,0,0,0,1.8603,4.2699,6.0313,12.366
2516,800.77,1172.1,1617.5,4195,1.2595,2.9955,4.2223,8.4974,0,0,0,0,1.8603,4.2699,6.0313,12.366
2517,800.77,1172.1,1617.5,4195,1.2596,2.996,4.2229,8.4989,0,0,0,0,1.8603,4.2699,6.0313,12.366
2518,800.77,1172.1,1617.5,4195,1.2598,2.9965,4.2236,8.5004,0,0,0,0,1.8603,4.2699,6.0313,12.366
2519,800.77,1172.1,1617.5,4195,1.2599,2.9969,4.2243,8.5019,0,0,0,0,1.8603,4.2699,6.0313,12.366
2520,800.77,1172.1,1617.5,4195,1.26,2.9974,4.225,8.5034,0,0,0,0,1.8603,4.2699,6.0313,12.366
2521,800.77,1172.1,1617.5,4195,1.2602,2.9979,4.2257,8.5049,0,0,0,0,1.8603,4.2699,6.0313,12.366
2522,800.77,1172.1,1617.5,4195,1.2603,2.9983,4.2263,8.5063,0,0,0,0,1.8603,4.2699,6.0313,12.366
2523,800.77,1172.1,1617.5,4195,1.2605,2.9988,4.227,8.5078,0,0,0,0,1.8603,4.2699,6.0313,12.366
2524,800.77,1172.1,1617.5,4195,1.2606,2.9993,4.2277,8.5093,0,0,0,0,1.8603,4.2699,6.0313,12.366
2525,800.77,1172.1,1617.5,4195,1.2608,2.9997,4.2283,8.5108,0,0,0,0,1.8603,4.2699,6.0313,12.366
2526,800.77,1172.1,1617.5,4195,1.2609,3.0002,4.229,8.5123,0,0,0,0,1.8603,4.2699,6.0313,12.366
2527,800.77,1172.1,1617.5,4195,1.261,3.0007,4.2297,8.5137,0,0,0,0,1.8603,4.2699,6.0313,12.366
2528,800.77,1172.1,1617.5,4195,1.2612,3.0011,4.2303,8.5152,0,0,0,0,1.8603,4.2699,6.0313,12.366
2529,800.77,1172.1,1617.5,4195,1.2613,3.0016,4.231,8.5167,0,0,0,0,1.8603,4.2699,6.0313,12.366
2530,800.77,1172.1,1617.5,4195,1.2615,3.0021,4.2317,8.5181,0,0,0,0,1.8603,4.2699,6.0313,12.366
2531,800.77,1172.1,1617.5,4195,1.2616,3.0025,4.2323,8.5196,0,0,0,0,1.8603,4.2699,6.0313,12.366
2532,800.77,1172.1,1617.5,4195,1.2617,3.003,4.233,8.521,0,0,0,0,1.8603,4.2699,6.0313,12.366
2533,800.77,1172.1,1617.5,4195,1.2619,3.0034,4.2337,8.5225,0,0,0,0,1.8603,4.2699,6.0313,12.366
2534,800.77,1172.1,1617.5,4195,1.262,3.0039,4.2343,8.5239,0,0,0,0,1.8603,4.2699,6.0313,12.366
2535,800.77,1172.1,1617.5,4195,1.2622,3.0044,4.235,8.5254,0,0,0,0,1.8603,4.2699,6.0313,12.366
2536,800.77,1172.1,1617.5,4195,1.2623,3.0048,4.2356,8.5268,0,0,0,0,1.8603,4.2699,6.0313,12.366
2537,800.77,1172.1,1617.5,4195,1.2624,3.0053,4.2363,8.5283,0,0,0,0,1.8603,4.2699,6.0313,12.366
2538,800.77,1172.1,1617.5,4195,1.2626,3.0057,4.2369,8.5297,0,0,0,0,1.8603,4.2699,6.0313,12.366
2539,800.77,1172.1,1617.5,4195,1.2627,3.0062,4.2376,8.5311,0,0,0,0,1.8603,4.2699,6.0313,12.366
2540,800.77,1172.1,1617.5,4195,1.2629,3.0066,4.2382,8.5326,0,0,0,0,1.8603,4.2699,6.0313,12.366
2541,800.77,1172.1,1617.5,4195,1.263,3.0071,4.2389,8.534,0,0,0,0,1.8603,4.2699,6.0313,12.366
2542,800.77,1172.1,1617.5,4195,1.2631,3.0075,4.2395,8.5354,0,0,0,0,1.8603,4.2699,6.0313,12.366
2543,800.77,1172.1,1617.5,4195,1.2633,3.008,4.2402,8.5368,0,0,0,0,1.8603,4.2699,6.0313,12.366
2544,800.77,1172.1,1617.5,4195,1.2634,3.0084,4.2408,8.5382,0,0,0,0,1.8603,4.2699,6.0313,12.366
2545,800.77,1172.1,1617.5,4195,1.2635,3.0089,4.2415,8.5397,0,0,0,0,1.8603,4.2699,6.0313,12.366
2546,800.77,1172.1,1617.5,4195,1.2637,3.0093,4.2421,8.5411,0,0,0,0,1.8603,4.2699,6.0313,12.366
2547,800.77,1172.1,1617.5,4195,1.2638,3.0098,4.2427,8.5425,0,0,0,0,1.8603,4.2699,6.0313,12.366
2548,800.77,1172.1,1617.5,4195,1.264,3.0102,4.2434,8.5439,0,0,0,0,1.8603,4.2699,6.0313,12.366
2549,800.77,1172.1,1617.5,4195,1.2641,3.0106,4.244,8.5453,0,0,0,0,1.8603,4.2699,6.0313,12.366
2550,800.77,1172.1,1617.5,4195,1.2642,3.0111,4.2446,8.5467,0,0,0,0,1.8603,4.2699,6.0313,12.366
2551,800.77,1172.1,1617.5,4195,1.2644,3.0115,4.2453,8.5481,0,0,0,0,1.8603,4.2699,6.0313,12.366
2552,800.77,1172.1,1617.5,4195,1.2645,3.012,4.2459,8.5495,0,0,0,0,1.8603,4.2699,6.0313,12.366
2553,800.77,1172.1,1617.5,4195,1.2646,3.0124,4.2465,8.5509,0,0,0,0,1.8603,4.2699,6.0313,12.366
2554,800.77,1172.1,1617.5,4195,1.2648,3.0128,4.2472,8.5523,0,0,0,0,1.8603,4.2699,6.0313,12.366
2555,800.77,1172.1,1617.5,4195,1.2649,3.0133,4.2478,8.5537,0,0,0,0,1.8603,4.2699,6.0313,12.366
2556,800.77,1172.1,1617.5,4195,1.265,3.0137,4.2484,8.555,0,0,0,0,1.8603,4.2699,6.0313,12.366
2557,800.77,1172.1,1617.5,4195,1.2652,3.0142,4.249,8.5564,0,0,0,0,1.8603,4.2699,6.0313,12.366
2558,800.77,1172.1,1617.5,4195,1.2653,3.0146,4.2497,8.5578,0,0,0,0,1.8603,4.2699,6.0313,12.366
2559,800.77,1172.1,1617.5,4195,1.2655,3.015,4.2503,8.5592,0,0,0,0,1.8603,4.2699,6.0313,12.366
2560,800.77,1172.1,1617.5,4195,1.2656,3.0155,4.2509,8.5606,0,0,0,0,1.8603,4.2699,6.0313,12.366
2561,800.77,1172.1,1617.5,4195,1.2657,3.0159,4.2515,8.5619,0,0,0,0,1.8603,4.2699,6.0313,12.366
2562,800.77,1172.1,1617.5,4195,1.2659,3.0163,4.2521,8.5633,0,0,0,0,1.8603,4.2699,6.0313,12.366
2563,800.77,1172.1,1617.5,4195,1.266,3.0168,4.2528,8.5647,0,0,0,0,1.8603,4.2699,6.0313,12.366
2564,800.77,1172.1,1617.5,4195,1.2661,3.0172,4.2534,8.566,0,0,0,0,1.8603,4.2699,6.0313,12.366
2565,800.77,1172.1,1617.5,4195,1.2663,3.0176,4.254,8.5674,0,0,0,0,1.8603,4.2699,6.0313,12.366
2566,800.77,1172.1,1617.5,4195,1.2664,3.018,4.2546,8.5687,0,0,0,0,1.8603,4.2699,6.0313,12.366
2567,800.77,1172.1,1617.5,4195,1.2665,3.0185,4.2552,8.5701,0,0,0,0,1.8603,4.2699,6.0313,12.366
2568,800.77,1172.1,1617.5,4195,1.2667,3.0189,4.2558,8.5714,0,0,0,0,1.8603,4.2699,6.0313,12.366
2569,800.77,1172.1,1617.5,4195,1.2668,3.0193,4.2564,8.5728,0,0,0,0,1.8603,4.2699,6.0313,12.366
2570,800.77,1172.1,1617.5,4195,1.2669,3.0197,4.2571,8.5741,0,0,0,0,1.8603,4.2699,6.0313,12.366
2571,800.77,1172.1,1617.5,4195,1.2671,3.0202,4.2577,8.5755,0,0,0,0,1.8603,4.2699,6.0313,12.366
2572,800.77,1172.1,1617.5,4195,1.2672,3.0206,4.2583,8.5768,0,0,0,0,1.8603,4.2699,6.0313,12.366
2573,800.77,1172.1,1617.5,4195,1.2673,3.021,4.2589,8.5782,0,0,0,0,1.8603,4.2699,6.0313,12.366
2574,800.77,1172.1,1617.5,4195,1.2675,3.0214,4.2595,8.5795,0,0,0,0,1.8603,4.2699,6.0313,12.366
2575,800.77,1172.1,1617.5,4195,1.2676,3.0218,4.2601,8.5808,0,0,0,0,1.8603,4.2699,6.0313,12.366
2576,800.77,1172.1,1617.5,4195,1.2677,3.0223,4.2607,8.5822,0,0,0,0,1.8603,4.2699,6.0313,12.366
2577,800.77,1172.1,1617.5,4195,1.2679,3.0227,4.2613,8.5835,0,0,0,0,1.8603,4.2699,6.0313,12.366
2578,800.77,1172.1,1617.5,4195,1.268,3.0231,4.2619,8.5848,0,0,0,0,1.8603,4.2699,6.0313,12.366
2579,800.77,1172.1,1617.5,4195,1.2681,3.0235,4.2625,8.5861,0,0,0,0,1.8603,4.2699,6.0313,12.366
2580,800.77,1172.1,1617.5,4195,1.2682,3.0239,4.2631,8.5875,0,0,0,0,1.8603,4.2699,6.0313,12.366
2581,800.77,1172.1,1617.5,4195,1.2684,3.0243,4.2637,8.5888,0,0,0,0,1.8603,4.2699,6.0313,12.366
2582,800.77,1172.1,1617.5,4195,1.2685,3.0248,4.2643,8.5901,0,0,0,0,1.8603,4.2699,6.0313,12.366
2583,800.77,1172.1,1617.5,4195,1.2686,3.0252,4.2648,8.5914,0,0,0,0,1.8603,4.2699,6.0313,12.366
2584,800.77,1172.1,1617.5,4195,1.2688,3.0256,4.2654,8.5927,0,0,0,0,1.8603,4.2699,6.0313,12.366
2585,800.77,1172.1,1617.5,4195,1.2689,3.026,4.266,8.594,0,0,0,0,1.8603,4.2699,6.0313,12.366
2586,800.77,1172.1,1617.5,4195,1.269,3.0264,4.2666,8.5953,0,0,0,0,1.8603,4.2699,6.0313,12.366
2587,800.77,1172.1,1617.5,4195,1.2692,3.0268,4.2672,8.5966,0,0,0,0,1.8603,4.2699,6.0313,12.366
2588,800.77,1172.1,1617.5,4195,1.2693,3.0272,4.2678,8.5979,0,0,0,0,1.8603,4.2699,6.0313,12.366
2589,800.77,1172.1,1617.5,4195,1.2694,3.0276,4.2684,8.5992,0,0,0,0,1.8603,4.2699,6.0313,12.366
2590,800.77,1172.1,1617.5,4195,1.2695,3.028,4.269,8.6005,0,0,0,0,1.8603,4.2699,6.0313,12.366
2591,800.77,1172.1,1617.5,4195,1.2697,3.0285,4.2695,8.6018,0,0,0,0,1.8603,4.2699,6.0313,12.366
2592,800.77,1172.1,1617.5,4195,1.2698,3.0289,4.2701,8.6031,0,0,0,0,1.8603,4.2699,6.0313,12.366
2593,800.77,1172.1,1617.5,4195,1.2699,3.0293,4.2707,8.6044,0,0,0,0,1.8603,4.2699,6.0313,12.366
2594,800.77,1172.1,1617.5,4195,1.2701,3.0297,4.2713,8.6057,0,0,0,0,1.8603,4.2699,6.0313,12.366
2595,800.77,1172.1,1617.5,4195,1.2702,3.0301,4.2719,8.607,0,0,0,0,1.8603,4.2699,6.0313,12.366
2596,800.77,1172.1,1617.5,4195,1.2703,3.0305,4.2724,8.6083,0,0,0,0,1.8603,4.2699,6.0313,12.366
2597,800.77,1172.1,1617.5,4195,1.2704,3.0309,4.273,8.6095,0,0,0,0,1.8603,4.2699,6.0313,12.366
2598,800.77,1172.1,1617.5,4195,1.2706,3.0313,4.2736,8.6108,0,0,0,0,1.8603,4.2699,6.0313,12.366
2599,800.77,1172.1,1617.5,4195,1.2707,3.0317,4.2742,8.6121,0,0,0,0,1.8603,4.2699,6.0313,12.366
2600,800.77,1172.1,1617.5,4195,1.2708,3.0321,4.2747,8.6134,0,0,0,0,1.8603,4.2699,6.0313,12.366
